-- MySQL dump 10.16  Distrib 10.2.19-MariaDB, for Linux (x86_64)
--
-- Host: 172.31.7.3    Database: gdeh
-- ------------------------------------------------------
-- Server version	10.4.7-MariaDB-1:10.4.7+maria~bionic

/*!40101 SET @OLD_CHARACTER_SET_CLIENT=@@CHARACTER_SET_CLIENT */;
/*!40101 SET @OLD_CHARACTER_SET_RESULTS=@@CHARACTER_SET_RESULTS */;
/*!40101 SET @OLD_COLLATION_CONNECTION=@@COLLATION_CONNECTION */;
/*!40101 SET NAMES utf8 */;
/*!40103 SET @OLD_TIME_ZONE=@@TIME_ZONE */;
/*!40103 SET TIME_ZONE='+00:00' */;
/*!40014 SET @OLD_UNIQUE_CHECKS=@@UNIQUE_CHECKS, UNIQUE_CHECKS=0 */;
/*!40014 SET @OLD_FOREIGN_KEY_CHECKS=@@FOREIGN_KEY_CHECKS, FOREIGN_KEY_CHECKS=0 */;
/*!40101 SET @OLD_SQL_MODE=@@SQL_MODE, SQL_MODE='NO_AUTO_VALUE_ON_ZERO' */;
/*!40111 SET @OLD_SQL_NOTES=@@SQL_NOTES, SQL_NOTES=0 */;

--
-- Table structure for table `guia`
--

DROP TABLE IF EXISTS `guia`;
/*!40101 SET @saved_cs_client     = @@character_set_client */;
/*!40101 SET character_set_client = utf8 */;
CREATE TABLE `guia` (
  `id` int(11) NOT NULL AUTO_INCREMENT,
  `tick_order_date` varchar(45) NOT NULL,
  `folio_sii` varchar(45) DEFAULT NULL,
  `tick_order_code` varchar(15) NOT NULL,
  `tick_tkt_code` varchar(35) NOT NULL,
  `tick_tkt_date` varchar(45) NOT NULL,
  `cliente` varchar(150) DEFAULT NULL,
  `obra` varchar(150) DEFAULT NULL,
  `tick_driv_empl_code` varchar(15) DEFAULT NULL,
  `driver` varchar(100) DEFAULT NULL,
  `tick_ship_plant_code` varchar(15) DEFAULT NULL,
  `tick_ship_plant_loc_code` varchar(15) DEFAULT NULL,
  `tick_truck_code` varchar(15) DEFAULT NULL,
  `lic_num` varchar(45) DEFAULT NULL,
  `tick_typed_time` varchar(45) DEFAULT NULL,
  `tick_proj_code` varchar(45) DEFAULT NULL,
  `tick_delv_addr` varchar(150) DEFAULT NULL,
  `numero_sello` varchar(100) DEFAULT NULL,
  `tick_estado_id` int(11) NOT NULL,
  `guia_estado_id` int(11) NOT NULL,
  `fecha_creacion` datetime DEFAULT NULL,
  `fecha_actualizacion` datetime DEFAULT NULL,
  `lock_flag` int(11) DEFAULT NULL,
  `cust_code` varchar(15) DEFAULT NULL,
  `cust_rut` varchar(10) DEFAULT NULL,
  `cust_addr` varchar(200) DEFAULT NULL,
  `cust_comuna` varchar(45) DEFAULT NULL,
  `cust_ciudad` varchar(45) DEFAULT NULL,
  PRIMARY KEY (`id`),
  KEY `fk_guia_tick_estado1_idx` (`tick_estado_id`),
  KEY `fk_guia_guia_estado1_idx` (`guia_estado_id`),
  CONSTRAINT `fk_guia_guia_estado1` FOREIGN KEY (`guia_estado_id`) REFERENCES `guia_estado` (`id`) ON DELETE NO ACTION ON UPDATE NO ACTION,
  CONSTRAINT `fk_guia_tick_estado1` FOREIGN KEY (`tick_estado_id`) REFERENCES `tick_estado` (`id`) ON DELETE NO ACTION ON UPDATE NO ACTION
) ENGINE=InnoDB AUTO_INCREMENT=280 DEFAULT CHARSET=latin1;
/*!40101 SET character_set_client = @saved_cs_client */;

--
-- Dumping data for table `guia`
--

LOCK TABLES `guia` WRITE;
/*!40000 ALTER TABLE `guia` DISABLE KEYS */;
INSERT INTO `guia` VALUES (3,'2019-08-08','1877015','700396','2007655','2019-08-08','ECHEVERRIA IZQUIERDO INGENIERIA         ','EDIFICIO WALKER MARTINEZ III            ','10462766-8','CARLOS SOLÍS VILVCHES                   ','601','13LR','502','FLPX89','','','LIRA 2015',NULL,1,5,'2019-08-08 03:00:00','2019-10-18 08:57:58',NULL,NULL,NULL,NULL,NULL,NULL),(4,'2019-08-08','1877016','700397','2007655','2019-08-08','ECHEVERRIA IZQUIERDO INGENIERIA         ','EDIFICIO WALKER MARTINEZ III            ','10462766-8','DAVID PIMIENTA LOBOS                    ','601','13LR','504','FPCD99','','','LIRA 2015',NULL,1,5,'2019-08-08 03:00:00','2019-10-18 08:57:58',NULL,NULL,NULL,NULL,NULL,NULL),(55,'2019-10-15',NULL,'103','6756666','2019-10-15','ECHEVERRIA IZQUIERDO INGENIERIA         ','EDIFICIO WALKER MARTINEZ III            ',NULL,'DAVID PIMIENTA LOBOS                    ','601','13LR','506','XML065',NULL,'','LIRA 2015','123456',1,1,'2019-10-15 08:55:25','2019-10-20 14:39:49',0,NULL,NULL,NULL,NULL,NULL),(155,'2019-10-15T03:00:00.000Z',NULL,'         103',' 6756664','2019-10-15T03:00:00.000Z','ECHEVERRIA IZQUIERDO INGENIERIA         ','EDIFICIO WALKER MARTINEZ III            ',NULL,'CANIUPAN Ñ.                             ','601','13LR','       504','FPCD99    ',NULL,'','LIRA 2015','',1,1,'2019-10-18 17:00:16','2019-10-18 17:00:16',0,NULL,NULL,NULL,NULL,NULL),(156,'2019-10-15T03:00:00.000Z',NULL,'         103',' 6756664','2019-10-15T03:00:00.000Z','ECHEVERRIA IZQUIERDO INGENIERIA         ','EDIFICIO WALKER MARTINEZ III            ',NULL,'CANIUPAN Ñ.                             ','601','13LR','       504','FPCD99    ',NULL,'','LIRA 2015','',1,1,'2019-10-18 17:14:59','2019-10-18 17:14:59',0,NULL,NULL,NULL,NULL,NULL),(157,'2019-10-15T03:00:00.000Z',NULL,'         103',' 6756664','2019-10-15T03:00:00.000Z','ECHEVERRIA IZQUIERDO INGENIERIA         ','EDIFICIO WALKER MARTINEZ III            ',NULL,'CANIUPAN Ñ.                             ','601','13LR','       504','FPCD99    ',NULL,'','LIRA 2015','',1,1,'2019-10-18 17:36:39','2019-10-18 17:36:39',0,NULL,NULL,NULL,NULL,NULL),(158,'2019-10-15T03:00:00.000Z',NULL,'         103',' 6756664','2019-10-15T03:00:00.000Z','ECHEVERRIA IZQUIERDO INGENIERIA         ','EDIFICIO WALKER MARTINEZ III            ',NULL,'CANIUPAN Ñ.                             ','601','13LR','       504','FPCD99    ',NULL,'','LIRA 2015','',1,1,'2019-10-18 19:47:16','2019-10-18 19:47:16',0,NULL,NULL,NULL,NULL,NULL),(159,'2019-10-15T03:00:00.000Z',NULL,'         103',' 6756664','2019-10-15T03:00:00.000Z','ECHEVERRIA IZQUIERDO INGENIERIA         ','EDIFICIO WALKER MARTINEZ III            ',NULL,'CANIUPAN Ñ.                             ','601','13LR','       504','FPCD99    ',NULL,'','LIRA 2015','',1,1,'2019-10-18 19:56:46','2019-10-18 19:56:46',0,NULL,NULL,NULL,NULL,NULL),(160,'2019-10-15T03:00:00.000Z',NULL,'         103',' 6756664','2019-10-15T03:00:00.000Z','ECHEVERRIA IZQUIERDO INGENIERIA         ','EDIFICIO WALKER MARTINEZ III            ',NULL,'CANIUPAN Ñ.                             ','601','13LR','       504','FPCD99    ',NULL,'','LIRA 2015','',1,1,'2019-10-18 20:09:22','2019-10-18 20:09:22',0,NULL,NULL,NULL,NULL,NULL),(161,'2019-10-15T03:00:00.000Z',NULL,'         103',' 6756664','2019-10-15T03:00:00.000Z','ECHEVERRIA IZQUIERDO INGENIERIA         ','EDIFICIO WALKER MARTINEZ III            ',NULL,'CANIUPAN Ñ.                             ','601','13LR','       504','FPCD99    ',NULL,'','LIRA 2015','',1,1,'2019-10-18 20:22:06','2019-10-18 20:22:06',0,NULL,NULL,NULL,NULL,NULL),(162,'2019-10-15T03:00:00.000Z',NULL,'         103',' 6756664','2019-10-15T03:00:00.000Z','ECHEVERRIA IZQUIERDO INGENIERIA         ','EDIFICIO WALKER MARTINEZ III            ',NULL,'CANIUPAN Ñ.                             ','601','13LR','       504','FPCD99    ',NULL,'','LIRA 2015','',1,1,'2019-10-18 20:26:19','2019-10-18 20:26:19',0,NULL,NULL,NULL,NULL,NULL),(163,'2019-10-15T03:00:00.000Z',NULL,'         103',' 6756664','2019-10-15T03:00:00.000Z','ECHEVERRIA IZQUIERDO INGENIERIA         ','EDIFICIO WALKER MARTINEZ III            ',NULL,'CANIUPAN Ñ.                             ','601','13LR','       504','FPCD99    ',NULL,'','LIRA 2015','',1,1,'2019-10-18 20:38:06','2019-10-18 20:38:06',0,NULL,NULL,NULL,NULL,NULL),(164,'2019-10-15T03:00:00.000Z',NULL,'         103',' 6756664','2019-10-15T03:00:00.000Z','ECHEVERRIA IZQUIERDO INGENIERIA         ','EDIFICIO WALKER MARTINEZ III            ',NULL,'CANIUPAN Ñ.                             ','601','13LR','       504','FPCD99    ',NULL,'','LIRA 2015','',1,1,'2019-10-18 20:44:03','2019-10-18 20:44:03',0,NULL,NULL,NULL,NULL,NULL),(165,'2019-10-15T03:00:00.000Z',NULL,'         103',' 6756664','2019-10-15T03:00:00.000Z','ECHEVERRIA IZQUIERDO INGENIERIA         ','EDIFICIO WALKER MARTINEZ III            ',NULL,'CANIUPAN Ñ.                             ','601','13LR','       504','FPCD99    ',NULL,'','LIRA 2015','',1,1,'2019-10-18 20:44:51','2019-10-18 20:44:51',0,NULL,NULL,NULL,NULL,NULL),(166,'2019-10-15T03:00:00.000Z',NULL,'         103',' 6756664','2019-10-15T03:00:00.000Z','ECHEVERRIA IZQUIERDO INGENIERIA         ','EDIFICIO WALKER MARTINEZ III            ',NULL,'CANIUPAN Ñ.                             ','601','13LR','       504','FPCD99    ',NULL,'','LIRA 2015','',1,1,'2019-10-18 20:55:13','2019-10-18 20:55:13',0,NULL,NULL,NULL,NULL,NULL),(167,'2019-10-15T03:00:00.000Z',NULL,'         103',' 6756664','2019-10-15T03:00:00.000Z','ECHEVERRIA IZQUIERDO INGENIERIA         ','EDIFICIO WALKER MARTINEZ III            ',NULL,'CANIUPAN Ñ.                             ','601','13LR','       504','FPCD99    ',NULL,'','LIRA 2015','',1,1,'2019-10-18 20:59:36','2019-10-18 20:59:36',0,NULL,NULL,NULL,NULL,NULL),(168,'2019-10-15T03:00:00.000Z',NULL,'         103',' 6756664','2019-10-15T03:00:00.000Z','ECHEVERRIA IZQUIERDO INGENIERIA         ','EDIFICIO WALKER MARTINEZ III            ',NULL,'CANIUPAN Ñ.                             ','601','13LR','       504','FPCD99    ',NULL,'','LIRA 2015','',1,1,'2019-10-19 05:35:12','2019-10-19 05:35:12',0,NULL,NULL,NULL,NULL,NULL),(169,'2019-10-15T03:00:00.000Z',NULL,'         103',' 6756664','2019-10-15T03:00:00.000Z','ECHEVERRIA IZQUIERDO INGENIERIA         ','EDIFICIO WALKER MARTINEZ III            ',NULL,'CANIUPAN Ñ.                             ','601','13LR','       504','FPCD99    ',NULL,'','LIRA 2015','',1,1,'2019-10-19 05:36:32','2019-10-19 05:36:32',0,NULL,NULL,NULL,NULL,NULL),(170,'2019-10-15T03:00:00.000Z',NULL,'         103',' 6756664','2019-10-15T03:00:00.000Z','ECHEVERRIA IZQUIERDO INGENIERIA         ','EDIFICIO WALKER MARTINEZ III            ',NULL,'CANIUPAN Ñ.                             ','601','13LR','       504','FPCD99    ',NULL,'','LIRA 2015','',1,1,'2019-10-20 05:11:12','2019-10-20 05:11:12',0,NULL,NULL,NULL,NULL,NULL),(171,'2019-10-15T03:00:00.000Z',NULL,'         103',' 6756664','2019-10-15T03:00:00.000Z','ECHEVERRIA IZQUIERDO INGENIERIA         ','EDIFICIO WALKER MARTINEZ III            ',NULL,'CANIUPAN Ñ.                             ','601','13LR','       504','FPCD99    ',NULL,'','LIRA 2015','',1,1,'2019-10-20 05:14:33','2019-10-20 05:14:33',0,NULL,NULL,NULL,NULL,NULL),(172,'2019-10-15T03:00:00.000Z',NULL,'         103',' 6756664','2019-10-15T03:00:00.000Z','ECHEVERRIA IZQUIERDO INGENIERIA         ','EDIFICIO WALKER MARTINEZ III            ',NULL,'CANIUPAN Ñ.                             ','601','13LR','       504','FPCD99    ',NULL,'','LIRA 2015','',1,1,'2019-10-20 07:46:37','2019-10-20 07:46:37',0,NULL,NULL,NULL,NULL,NULL),(173,'2019-10-15T03:00:00.000Z',NULL,'         103',' 6756664','2019-10-15T03:00:00.000Z','ECHEVERRIA IZQUIERDO INGENIERIA         ','EDIFICIO WALKER MARTINEZ III            ',NULL,'CANIUPAN Ñ.                             ','601','13LR','       504','FPCD99    ',NULL,'','LIRA 2015','',1,1,'2019-10-20 08:26:08','2019-10-20 08:26:08',0,NULL,NULL,NULL,NULL,NULL),(174,'2019-10-15T03:00:00.000Z',NULL,'         103',' 6756664','2019-10-15T03:00:00.000Z','ECHEVERRIA IZQUIERDO INGENIERIA         ','EDIFICIO WALKER MARTINEZ III            ',NULL,'CANIUPAN Ñ.                             ','601','13LR','       504','FPCD99    ',NULL,'','LIRA 2015','',1,1,'2019-10-20 09:15:04','2019-10-20 09:15:04',0,NULL,NULL,NULL,NULL,NULL),(175,'2019-10-15T03:00:00.000Z',NULL,'         103',' 6756664','2019-10-15T03:00:00.000Z','ECHEVERRIA IZQUIERDO INGENIERIA         ','EDIFICIO WALKER MARTINEZ III            ',NULL,'CANIUPAN Ñ.                             ','601','13LR','       504','FPCD99    ',NULL,'','LIRA 2015','',1,1,'2019-10-20 09:21:07','2019-10-20 09:21:07',0,NULL,NULL,NULL,NULL,NULL),(176,'2019-10-15T03:00:00.000Z',NULL,'         103',' 6756664','2019-10-15T03:00:00.000Z','ECHEVERRIA IZQUIERDO INGENIERIA         ','EDIFICIO WALKER MARTINEZ III            ',NULL,'CANIUPAN Ñ.                             ','601','13LR','       504','FPCD99    ',NULL,'','LIRA 2015','',1,1,'2019-10-20 11:22:50','2019-10-20 11:22:50',0,NULL,NULL,NULL,NULL,NULL),(177,'2019-10-15T03:00:00.000Z',NULL,'         103',' 6756664','2019-10-15T03:00:00.000Z','ECHEVERRIA IZQUIERDO INGENIERIA         ','EDIFICIO WALKER MARTINEZ III            ',NULL,'CANIUPAN Ñ.                             ','601','13LR','       504','FPCD99    ',NULL,'','LIRA 2015','',1,1,'2019-10-20 11:31:04','2019-10-20 11:31:04',0,NULL,NULL,NULL,NULL,NULL),(178,'2019-10-15T03:00:00.000Z',NULL,'         103',' 6756664','2019-10-15T03:00:00.000Z','ECHEVERRIA IZQUIERDO INGENIERIA         ','EDIFICIO WALKER MARTINEZ III            ',NULL,'CANIUPAN Ñ.                             ','601','13LR','       504','FPCD99    ',NULL,'','LIRA 2015','',1,1,'2019-10-20 11:58:40','2019-10-20 11:58:40',0,NULL,NULL,NULL,NULL,NULL),(179,'2019-10-15T03:00:00.000Z',NULL,'         103',' 6756664','2019-10-15T03:00:00.000Z','ECHEVERRIA IZQUIERDO INGENIERIA         ','EDIFICIO WALKER MARTINEZ III            ',NULL,'CANIUPAN Ñ.                             ','601','13LR','       504','FPCD99    ',NULL,'','LIRA 2015','',1,1,'2019-10-20 12:01:04','2019-10-20 12:01:04',0,NULL,NULL,NULL,NULL,NULL),(180,'2019-10-15T03:00:00.000Z',NULL,'         103',' 6756664','2019-10-15T03:00:00.000Z','ECHEVERRIA IZQUIERDO INGENIERIA         ','EDIFICIO WALKER MARTINEZ III            ',NULL,'CANIUPAN Ñ.                             ','601','13LR','       504','FPCD99    ',NULL,'','LIRA 2015','',1,1,'2019-10-20 12:12:27','2019-10-20 12:12:27',0,NULL,NULL,NULL,NULL,NULL),(181,'2019-10-15T03:00:00.000Z',NULL,'         103',' 6756664','2019-10-15T03:00:00.000Z','ECHEVERRIA IZQUIERDO INGENIERIA         ','EDIFICIO WALKER MARTINEZ III            ',NULL,'CANIUPAN Ñ.                             ','601','13LR','       504','FPCD99    ',NULL,'','LIRA 2015','',1,1,'2019-10-20 12:37:53','2019-10-20 12:37:53',0,NULL,NULL,NULL,NULL,NULL),(182,'2019-10-15T03:00:00.000Z',NULL,'         103',' 6756664','2019-10-15T03:00:00.000Z','ECHEVERRIA IZQUIERDO INGENIERIA         ','EDIFICIO WALKER MARTINEZ III            ',NULL,'CANIUPAN Ñ.                             ','601','13LR','       504','FPCD99    ',NULL,'','LIRA 2015','',1,1,'2019-10-20 12:50:37','2019-10-20 12:50:37',0,NULL,NULL,NULL,NULL,NULL),(183,'2019-10-15T03:00:00.000Z',NULL,'         103',' 6756664','2019-10-15T03:00:00.000Z','ECHEVERRIA IZQUIERDO INGENIERIA         ','EDIFICIO WALKER MARTINEZ III            ',NULL,'CANIUPAN Ñ.                             ','601','13LR','       504','FPCD99    ',NULL,'','LIRA 2015','',1,1,'2019-10-20 12:54:38','2019-10-20 12:54:38',0,NULL,NULL,NULL,NULL,NULL),(184,'2019-10-15T03:00:00.000Z',NULL,'         103',' 6756664','2019-10-15T03:00:00.000Z','ECHEVERRIA IZQUIERDO INGENIERIA         ','EDIFICIO WALKER MARTINEZ III            ',NULL,'CANIUPAN Ñ.                             ','601','13LR','       504','FPCD99    ',NULL,'','LIRA 2015','',1,1,'2019-10-20 13:01:56','2019-10-20 14:50:25',0,NULL,NULL,NULL,NULL,NULL),(185,'2019-10-15T03:00:00.000Z',NULL,'         103',' 6756664','2019-10-15T03:00:00.000Z','ECHEVERRIA IZQUIERDO INGENIERIA         ','EDIFICIO WALKER MARTINEZ III            ',NULL,'CANIUPAN Ñ.                             ','601','13LR','       504','FPCD99    ',NULL,'','LIRA 2015','',1,1,'2019-10-20 14:52:11','2019-10-20 14:52:11',0,NULL,NULL,NULL,NULL,NULL),(186,'2019-10-15T03:00:00.000Z',NULL,'         103',' 6756664','2019-10-15T03:00:00.000Z','ECHEVERRIA IZQUIERDO INGENIERIA         ','EDIFICIO WALKER MARTINEZ III            ',NULL,'CANIUPAN Ñ.                             ','601','13LR','       504','FPCD99    ',NULL,'','LIRA 2015','',1,1,'2019-10-20 18:02:18','2019-10-20 18:02:18',0,NULL,NULL,NULL,NULL,NULL),(187,'2019-10-15T03:00:00.000Z',NULL,'         103',' 6756664','2019-10-15T03:00:00.000Z','ECHEVERRIA IZQUIERDO INGENIERIA         ','EDIFICIO WALKER MARTINEZ III            ',NULL,'CANIUPAN Ñ.                             ','601','13LR','       504','FPCD99    ',NULL,'','LIRA 2015','',1,1,'2019-10-20 20:21:50','2019-10-20 20:21:50',0,NULL,NULL,NULL,NULL,NULL),(188,'2019-10-15T03:00:00.000Z',NULL,'         103',' 6756664','2019-10-15T03:00:00.000Z','ECHEVERRIA IZQUIERDO INGENIERIA         ','EDIFICIO WALKER MARTINEZ III            ',NULL,'CANIUPAN Ñ.                             ','601','13LR','       504','FPCD99    ',NULL,'','LIRA 2015','',1,1,'2019-10-20 20:38:52','2019-10-20 20:38:52',0,NULL,NULL,NULL,NULL,NULL),(189,'2019-10-15T03:00:00.000Z',NULL,'         103',' 6756664','2019-10-15T03:00:00.000Z','ECHEVERRIA IZQUIERDO INGENIERIA         ','EDIFICIO WALKER MARTINEZ III            ',NULL,'CANIUPAN Ñ.                             ','601','13LR','       504','FPCD99    ',NULL,'','LIRA 2015','',1,1,'2019-10-20 21:43:16','2019-10-20 21:43:16',0,NULL,NULL,NULL,NULL,NULL),(190,'2019-10-15T03:00:00.000Z',NULL,'         103',' 6756664','2019-10-15T03:00:00.000Z','ECHEVERRIA IZQUIERDO INGENIERIA         ','EDIFICIO WALKER MARTINEZ III            ',NULL,'CANIUPAN Ñ.                             ','601','13LR','       504','FPCD99    ',NULL,'','LIRA 2015','',1,1,'2019-10-20 23:07:25','2019-10-20 23:07:25',0,NULL,NULL,NULL,NULL,NULL),(191,'2019-10-15T03:00:00.000Z',NULL,'         103',' 6756664','2019-10-15T03:00:00.000Z','ECHEVERRIA IZQUIERDO INGENIERIA         ','EDIFICIO WALKER MARTINEZ III            ',NULL,'CANIUPAN Ñ.                             ','601','13LR','       504','FPCD99    ',NULL,'','LIRA 2015','',1,1,'2019-10-21 02:13:09','2019-10-21 02:13:09',0,NULL,NULL,NULL,NULL,NULL),(192,'2019-10-15T03:00:00.000Z',NULL,'         103',' 6756664','2019-10-15T03:00:00.000Z','ECHEVERRIA IZQUIERDO INGENIERIA         ','EDIFICIO WALKER MARTINEZ III            ',NULL,'CANIUPAN Ñ.                             ','601','13LR','       504','FPCD99    ',NULL,'','LIRA 2015','',1,1,'2019-10-21 02:21:29','2019-10-21 02:21:29',0,NULL,NULL,NULL,NULL,NULL),(193,'2019-10-15T03:00:00.000Z',NULL,'         103',' 6756664','2019-10-15T03:00:00.000Z','ECHEVERRIA IZQUIERDO INGENIERIA         ','EDIFICIO WALKER MARTINEZ III            ',NULL,'CANIUPAN Ñ.                             ','601','13LR','       504','FPCD99    ',NULL,'','LIRA 2015','',1,1,'2019-10-21 07:30:33','2019-10-21 07:30:33',0,NULL,NULL,NULL,NULL,NULL),(194,'2019-10-15T03:00:00.000Z',NULL,'         103',' 6756664','2019-10-15T03:00:00.000Z','ECHEVERRIA IZQUIERDO INGENIERIA         ','EDIFICIO WALKER MARTINEZ III            ',NULL,'CANIUPAN Ñ.                             ','601','13LR','       504','FPCD99    ',NULL,'','LIRA 2015','',1,1,'2019-10-21 07:50:25','2019-10-21 07:50:25',0,NULL,NULL,NULL,NULL,NULL),(196,'2019-10-15T03:00:00.000Z',NULL,'         103',' 6756664','2019-10-15T03:00:00.000Z','ECHEVERRIA IZQUIERDO INGENIERIA         ','EDIFICIO WALKER MARTINEZ III            ',NULL,'CANIUPAN Ñ.                             ','601','13LR','       504','FPCD99    ',NULL,'','LIRA 2015','',1,1,'2019-10-21 09:25:33','2019-10-21 09:25:33',0,NULL,NULL,NULL,NULL,NULL),(197,'2019-10-15T03:00:00.000Z',NULL,'         103',' 6756664','2019-10-15T03:00:00.000Z','ECHEVERRIA IZQUIERDO INGENIERIA         ','EDIFICIO WALKER MARTINEZ III            ',NULL,'CANIUPAN Ñ.                             ','601','13LR','       504','FPCD99    ',NULL,'','LIRA 2015','',1,1,'2019-10-21 09:29:22','2019-10-21 09:29:22',0,NULL,NULL,NULL,NULL,NULL),(198,'2019-10-15T03:00:00.000Z',NULL,'         103',' 6756664','2019-10-15T03:00:00.000Z','ECHEVERRIA IZQUIERDO INGENIERIA         ','EDIFICIO WALKER MARTINEZ III            ',NULL,'CANIUPAN Ñ.                             ','601','13LR','       504','FPCD99    ',NULL,'','LIRA 2015','',1,1,'2019-10-21 09:33:23','2019-10-21 09:33:23',0,NULL,NULL,NULL,NULL,NULL),(199,'2019-10-15T03:00:00.000Z',NULL,'         103',' 6756664','2019-10-15T03:00:00.000Z','ECHEVERRIA IZQUIERDO INGENIERIA         ','EDIFICIO WALKER MARTINEZ III            ',NULL,'CANIUPAN Ñ.                             ','601','13LR','       504','FPCD99    ',NULL,'','LIRA 2015','',1,1,'2019-10-21 09:34:30','2019-10-21 09:34:30',0,NULL,NULL,NULL,NULL,NULL),(200,'2019-10-15T03:00:00.000Z',NULL,'         103',' 6756664','2019-10-15T03:00:00.000Z','ECHEVERRIA IZQUIERDO INGENIERIA         ','EDIFICIO WALKER MARTINEZ III            ',NULL,'CANIUPAN Ñ.                             ','601','13LR','       504','FPCD99    ',NULL,'','LIRA 2015','',1,1,'2019-10-21 09:42:42','2019-10-21 09:42:42',0,NULL,NULL,NULL,NULL,NULL),(201,'2019-10-15T03:00:00.000Z',NULL,'         103',' 6756664','2019-10-15T03:00:00.000Z','ECHEVERRIA IZQUIERDO INGENIERIA         ','EDIFICIO WALKER MARTINEZ III            ',NULL,'CANIUPAN Ñ.                             ','601','13LR','       504','FPCD99    ',NULL,'','LIRA 2015','',1,1,'2019-10-21 09:54:32','2019-10-21 09:54:32',0,NULL,NULL,NULL,NULL,NULL),(202,'2019-10-15T03:00:00.000Z',NULL,'         103',' 6756664','2019-10-15T03:00:00.000Z','ECHEVERRIA IZQUIERDO INGENIERIA         ','EDIFICIO WALKER MARTINEZ III            ',NULL,'CANIUPAN Ñ.                             ','601','13LR','       504','FPCD99    ',NULL,'','LIRA 2015','',1,1,'2019-10-21 10:11:54','2019-10-21 10:11:54',0,NULL,NULL,NULL,NULL,NULL),(203,'2019-10-15T03:00:00.000Z',NULL,'         103',' 6756664','2019-10-15T03:00:00.000Z','ECHEVERRIA IZQUIERDO INGENIERIA         ','EDIFICIO WALKER MARTINEZ III            ',NULL,'CANIUPAN Ñ.                             ','601','13LR','       504','FPCD99    ',NULL,'','LIRA 2015','',1,1,'2019-10-21 10:14:23','2019-10-21 10:14:23',0,NULL,NULL,NULL,NULL,NULL),(204,'2019-10-15T03:00:00.000Z',NULL,'         103',' 6756664','2019-10-15T03:00:00.000Z','ECHEVERRIA IZQUIERDO INGENIERIA         ','EDIFICIO WALKER MARTINEZ III            ',NULL,'CANIUPAN Ñ.                             ','601','13LR','       504','FPCD99    ',NULL,'','LIRA 2015','',1,1,'2019-10-21 10:19:59','2019-10-21 10:19:59',0,NULL,NULL,NULL,NULL,NULL),(205,'2019-10-15T03:00:00.000Z',NULL,'         103',' 6756664','2019-10-15T03:00:00.000Z','ECHEVERRIA IZQUIERDO INGENIERIA         ','EDIFICIO WALKER MARTINEZ III            ',NULL,'CANIUPAN Ñ.                             ','601','13LR','       504','FPCD99    ',NULL,'','LIRA 2015','',1,1,'2019-10-21 10:23:44','2019-10-21 10:23:44',1,NULL,NULL,NULL,NULL,NULL),(206,'2019-10-15T03:00:00.000Z',NULL,'         103',' 6756664','2019-10-15T03:00:00.000Z','ECHEVERRIA IZQUIERDO INGENIERIA         ','EDIFICIO WALKER MARTINEZ III            ',NULL,'CANIUPAN Ñ.                             ','601','13LR','       504','FPCD99    ',NULL,'','LIRA 2015','',1,1,'2019-10-21 10:31:03','2019-10-21 10:31:03',0,NULL,NULL,NULL,NULL,NULL),(207,'2019-10-17T03:00:00.000Z',NULL,'         104',' 6756670','2019-10-17T03:00:00.000Z','ECHEVERRIA IZQUIERDO INGENIERIA         ','EDIFICIO WALKER MARTINEZ III            ',NULL,'VICTOR CARRASCO BUSTOS                  ','601','13LR','       505','FPFT56    ',NULL,'','LIRA 2015','',1,1,'2019-10-21 11:32:52','2019-10-21 11:32:52',1,NULL,NULL,NULL,NULL,NULL),(208,'2019-10-17T03:00:00.000Z',NULL,'         104',' 6756670','2019-10-17T03:00:00.000Z','ECHEVERRIA IZQUIERDO INGENIERIA         ','EDIFICIO WALKER MARTINEZ III            ',NULL,'VICTOR CARRASCO BUSTOS                  ','601','13LR','       505','FPFT56    ',NULL,'','LIRA 2015','',1,1,'2019-10-21 11:55:33','2019-10-21 11:55:33',0,NULL,NULL,NULL,NULL,NULL),(209,'2019-10-17T03:00:00.000Z',NULL,'         104',' 6756670','2019-10-17T03:00:00.000Z','ECHEVERRIA IZQUIERDO INGENIERIA         ','EDIFICIO WALKER MARTINEZ III            ',NULL,'VICTOR CARRASCO BUSTOS                  ','601','13LR','       505','FPFT56    ',NULL,'','LIRA 2015','',1,1,'2019-10-21 12:18:25','2019-10-21 12:18:25',0,NULL,NULL,NULL,NULL,NULL),(210,'2019-10-17T03:00:00.000Z',NULL,'         104',' 6756670','2019-10-17T03:00:00.000Z','ECHEVERRIA IZQUIERDO INGENIERIA         ','EDIFICIO WALKER MARTINEZ III            ',NULL,'VICTOR CARRASCO BUSTOS                  ','601','13LR','       505','FPFT56    ',NULL,'','LIRA 2015','',1,1,'2019-10-21 12:47:46','2019-10-21 12:47:46',0,NULL,NULL,NULL,NULL,NULL),(211,'2019-10-15T03:00:00.000Z',NULL,'         103',' 6756664','2019-10-15T03:00:00.000Z','ECHEVERRIA IZQUIERDO INGENIERIA         ','EDIFICIO WALKER MARTINEZ III            ',NULL,'CANIUPAN Ñ.                             ','601','13LR','       504','FPCD99    ',NULL,'','LIRA 2015','',1,1,'2019-10-21 13:55:35','2019-10-21 13:55:35',0,NULL,NULL,NULL,NULL,NULL),(212,'2019-10-15T03:00:00.000Z',NULL,'         103',' 6756664','2019-10-15T03:00:00.000Z','ECHEVERRIA IZQUIERDO INGENIERIA         ','EDIFICIO WALKER MARTINEZ III            ',NULL,'CANIUPAN Ñ.                             ','601','13LR','       504','FPCD99    ',NULL,'','LIRA 2015','',1,1,'2019-10-21 13:59:55','2019-10-21 13:59:55',0,NULL,NULL,NULL,NULL,NULL),(213,'2019-10-15T03:00:00.000Z',NULL,'         103',' 6756664','2019-10-15T03:00:00.000Z','ECHEVERRIA IZQUIERDO INGENIERIA         ','EDIFICIO WALKER MARTINEZ III            ',NULL,'CANIUPAN Ñ.                             ','601','13LR','       504','FPCD99    ',NULL,'','LIRA 2015','',1,1,'2019-10-21 14:02:55','2019-10-21 14:02:55',0,NULL,NULL,NULL,NULL,NULL),(214,'2019-10-15T03:00:00.000Z',NULL,'         103',' 6756664','2019-10-15T03:00:00.000Z','ECHEVERRIA IZQUIERDO INGENIERIA         ','EDIFICIO WALKER MARTINEZ III            ',NULL,'CANIUPAN Ñ.                             ','601','13LR','       504','FPCD99    ',NULL,'','LIRA 2015','',1,1,'2019-10-21 15:51:53','2019-10-21 15:51:53',0,NULL,NULL,NULL,NULL,NULL),(215,'2019-10-15T03:00:00.000Z',NULL,'         103',' 6756664','2019-10-15T03:00:00.000Z','ECHEVERRIA IZQUIERDO INGENIERIA         ','EDIFICIO WALKER MARTINEZ III            ',NULL,'CANIUPAN Ñ.                             ','601','13LR','       504','FPCD99    ',NULL,'','LIRA 2015','',1,1,'2019-10-21 16:00:43','2019-10-21 16:00:43',0,NULL,NULL,NULL,NULL,NULL),(216,'2019-10-15T03:00:00.000Z',NULL,'         103',' 6756664','2019-10-15T03:00:00.000Z','ECHEVERRIA IZQUIERDO INGENIERIA         ','EDIFICIO WALKER MARTINEZ III            ',NULL,'CANIUPAN Ñ.                             ','601','13LR','       504','FPCD99    ',NULL,'','LIRA 2015','',1,1,'2019-10-21 16:07:52','2019-10-21 16:07:52',0,NULL,NULL,NULL,NULL,NULL),(217,'2019-10-15T03:00:00.000Z',NULL,'         103',' 6756664','2019-10-15T03:00:00.000Z','ECHEVERRIA IZQUIERDO INGENIERIA         ','EDIFICIO WALKER MARTINEZ III            ',NULL,'CANIUPAN Ñ.                             ','601','13LR','       504','FPCD99    ',NULL,'','LIRA 2015','',1,1,'2019-10-21 16:38:51','2019-10-21 16:38:51',0,NULL,NULL,NULL,NULL,NULL),(218,'2019-10-15T03:00:00.000Z',NULL,'         103',' 6756664','2019-10-15T03:00:00.000Z','ECHEVERRIA IZQUIERDO INGENIERIA         ','EDIFICIO WALKER MARTINEZ III            ',NULL,'CANIUPAN Ñ.                             ','601','13LR','       504','FPCD99    ',NULL,'','LIRA 2015','',1,1,'2019-10-21 16:48:26','2019-10-21 16:48:26',0,NULL,NULL,NULL,NULL,NULL),(219,'2019-10-15T03:00:00.000Z',NULL,'         103',' 6756664','2019-10-15T03:00:00.000Z','ECHEVERRIA IZQUIERDO INGENIERIA         ','EDIFICIO WALKER MARTINEZ III            ',NULL,'CANIUPAN Ñ.                             ','601','13LR','       504','FPCD99    ',NULL,'','LIRA 2015','',1,1,'2019-10-21 17:10:07','2019-10-21 17:10:07',0,NULL,NULL,NULL,NULL,NULL),(220,'2019-10-15T03:00:00.000Z',NULL,'         103',' 6756664','2019-10-15T03:00:00.000Z','ECHEVERRIA IZQUIERDO INGENIERIA         ','EDIFICIO WALKER MARTINEZ III            ',NULL,'CANIUPAN Ñ.                             ','601','13LR','       504','FPCD99    ',NULL,'','LIRA 2015','',1,1,'2019-10-21 17:19:12','2019-10-21 17:19:12',0,NULL,NULL,NULL,NULL,NULL),(221,'2019-10-15T03:00:00.000Z',NULL,'         103',' 6756664','2019-10-15T03:00:00.000Z','ECHEVERRIA IZQUIERDO INGENIERIA         ','EDIFICIO WALKER MARTINEZ III            ',NULL,'CANIUPAN Ñ.                             ','601','13LR','       504','FPCD99    ',NULL,'','LIRA 2015','',1,1,'2019-10-21 17:30:41','2019-10-21 17:30:41',0,NULL,NULL,NULL,NULL,NULL),(222,'2019-10-15T03:00:00.000Z',NULL,'         103',' 6756664','2019-10-15T03:00:00.000Z','ECHEVERRIA IZQUIERDO INGENIERIA         ','EDIFICIO WALKER MARTINEZ III            ',NULL,'CANIUPAN Ñ.                             ','601','13LR','       504','FPCD99    ',NULL,'','LIRA 2015','',1,1,'2019-10-21 18:18:49','2019-10-21 18:18:49',0,NULL,NULL,NULL,NULL,NULL),(223,'2019-10-15T03:00:00.000Z',NULL,'         103',' 6756664','2019-10-15T03:00:00.000Z','ECHEVERRIA IZQUIERDO INGENIERIA         ','EDIFICIO WALKER MARTINEZ III            ',NULL,'CANIUPAN Ñ.                             ','601','13LR','       504','FPCD99    ',NULL,'','LIRA 2015','',1,1,'2019-10-21 19:10:36','2019-10-21 19:10:36',0,NULL,NULL,NULL,NULL,NULL),(224,'2019-10-15T03:00:00.000Z',NULL,'         103',' 6756664','2019-10-15T03:00:00.000Z','ECHEVERRIA IZQUIERDO INGENIERIA         ','EDIFICIO WALKER MARTINEZ III            ',NULL,'CANIUPAN Ñ.                             ','601','13LR','       504','FPCD99    ',NULL,'','LIRA 2015','',1,1,'2019-10-21 19:49:23','2019-10-21 19:49:23',0,NULL,NULL,NULL,NULL,NULL),(225,'2019-10-15T03:00:00.000Z',NULL,'         103',' 6756664','2019-10-15T03:00:00.000Z','ECHEVERRIA IZQUIERDO INGENIERIA         ','EDIFICIO WALKER MARTINEZ III            ',NULL,'CANIUPAN Ñ.                             ','601','13LR','       504','FPCD99    ',NULL,'','LIRA 2015','',1,1,'2019-10-21 19:55:37','2019-10-21 19:55:37',0,NULL,NULL,NULL,NULL,NULL),(226,'2019-10-15T03:00:00.000Z',NULL,'         103',' 6756664','2019-10-15T03:00:00.000Z','ECHEVERRIA IZQUIERDO INGENIERIA         ','EDIFICIO WALKER MARTINEZ III            ',NULL,'CANIUPAN Ñ.                             ','601','13LR','       504','FPCD99    ',NULL,'','LIRA 2015','',1,1,'2019-10-21 20:09:33','2019-10-21 20:09:33',0,NULL,NULL,NULL,NULL,NULL),(227,'2019-10-15T03:00:00.000Z',NULL,'         103',' 6756664','2019-10-15T03:00:00.000Z','ECHEVERRIA IZQUIERDO INGENIERIA         ','EDIFICIO WALKER MARTINEZ III            ',NULL,'CANIUPAN Ñ.                             ','601','13LR','       504','FPCD99    ',NULL,'','LIRA 2015','',1,1,'2019-10-21 20:38:39','2019-10-21 20:38:39',0,NULL,NULL,NULL,NULL,NULL),(228,'2019-10-15T03:00:00.000Z',NULL,'         103',' 6756664','2019-10-15T03:00:00.000Z','ECHEVERRIA IZQUIERDO INGENIERIA         ','EDIFICIO WALKER MARTINEZ III            ',NULL,'CANIUPAN Ñ.                             ','601','13LR','       504','FPCD99    ',NULL,'','LIRA 2015','',1,1,'2019-10-21 20:44:18','2019-10-21 20:44:18',0,NULL,NULL,NULL,NULL,NULL),(229,'2019-10-15T03:00:00.000Z',NULL,'         103',' 6756664','2019-10-15T03:00:00.000Z','ECHEVERRIA IZQUIERDO INGENIERIA         ','EDIFICIO WALKER MARTINEZ III            ',NULL,'CANIUPAN Ñ.                             ','601','13LR','       504','FPCD99    ',NULL,'','LIRA 2015','',1,1,'2019-10-21 21:03:09','2019-10-21 21:03:09',0,NULL,NULL,NULL,NULL,NULL),(230,'2019-10-15T03:00:00.000Z',NULL,'105','6756664','2019-10-15T03:00:00.000Z',NULL,NULL,NULL,NULL,NULL,'13LR',NULL,NULL,NULL,NULL,NULL,NULL,1,1,'2019-10-21 21:35:21','2019-10-21 21:35:22',NULL,NULL,NULL,NULL,NULL,NULL),(231,'2019-10-15T03:00:00.000Z',NULL,'103','6756664','2019-10-15T03:00:00.000Z',NULL,NULL,NULL,NULL,NULL,'13LR',NULL,NULL,NULL,NULL,NULL,NULL,1,1,'2019-10-21 21:36:49','2019-10-21 21:36:49',NULL,NULL,NULL,NULL,NULL,NULL),(232,'2019-10-15T03:00:00.000Z',NULL,'103','6756664','2019-10-15T03:00:00.000Z',NULL,NULL,NULL,NULL,NULL,'13LR',NULL,NULL,NULL,NULL,NULL,NULL,1,1,'2019-10-21 21:38:19','2019-10-21 21:38:20',NULL,NULL,NULL,NULL,NULL,NULL),(233,'2019-10-15T03:00:00.000Z',NULL,'         103',' 6756664','2019-10-15T03:00:00.000Z','ECHEVERRIA IZQUIERDO INGENIERIA         ','EDIFICIO WALKER MARTINEZ III            ',NULL,'CANIUPAN Ñ.                             ','601','13LR','       504','FPCD99    ',NULL,'','LIRA 2015','',1,1,'2019-10-21 21:42:54','2019-10-21 21:42:54',0,NULL,NULL,NULL,NULL,NULL),(234,'2019-10-15T03:00:00.000Z',NULL,'         103',' 6756664','2019-10-15T03:00:00.000Z','ECHEVERRIA IZQUIERDO INGENIERIA         ','EDIFICIO WALKER MARTINEZ III            ',NULL,'CANIUPAN Ñ.                             ','601','13LR','       504','FPCD99    ',NULL,'','LIRA 2015','',1,1,'2019-10-21 21:48:59','2019-10-21 21:48:59',0,NULL,NULL,NULL,NULL,NULL),(235,'2019-10-15T03:00:00.000Z',NULL,'         103',' 6756664','2019-10-15T03:00:00.000Z','ECHEVERRIA IZQUIERDO INGENIERIA         ','EDIFICIO WALKER MARTINEZ III            ',NULL,'CANIUPAN Ñ.                             ','601','13LR','       504','FPCD99    ',NULL,'','LIRA 2015','',1,1,'2019-10-21 22:39:19','2019-10-21 22:39:19',0,NULL,NULL,NULL,NULL,NULL),(236,'2019-10-15T03:00:00.000Z',NULL,'         103',' 6756664','2019-10-15T03:00:00.000Z','ECHEVERRIA IZQUIERDO INGENIERIA         ','EDIFICIO WALKER MARTINEZ III            ',NULL,'CANIUPAN Ñ.                             ','601','13LR','       504','FPCD99    ',NULL,'','LIRA 2015','',1,1,'2019-10-21 22:41:48','2019-10-21 22:41:48',1,NULL,NULL,NULL,NULL,NULL),(237,'2019-10-15T03:00:00.000Z',NULL,'         103',' 6756664','2019-10-15T03:00:00.000Z','ECHEVERRIA IZQUIERDO INGENIERIA         ','EDIFICIO WALKER MARTINEZ III            ',NULL,'CANIUPAN Ñ.                             ','601','13LR','       504','FPCD99    ',NULL,'','LIRA 2015','',1,1,'2019-10-22 08:51:41','2019-10-22 08:51:41',0,NULL,NULL,NULL,NULL,NULL),(238,'2019-10-15T03:00:00.000Z',NULL,'         103',' 6756664','2019-10-15T03:00:00.000Z','ECHEVERRIA IZQUIERDO INGENIERIA         ','EDIFICIO WALKER MARTINEZ III            ',NULL,'CANIUPAN Ñ.                             ','601','13LR','       504','FPCD99    ',NULL,'','LIRA 2015','',1,1,'2019-10-22 10:03:52','2019-10-22 10:03:52',0,NULL,NULL,NULL,NULL,NULL),(239,'2019-10-15T03:00:00.000Z',NULL,'103','6756664','2019-10-15T03:00:00.000Z',NULL,NULL,NULL,NULL,NULL,'13LR',NULL,NULL,NULL,NULL,NULL,NULL,1,1,'2019-10-22 10:08:51','2019-10-22 10:08:51',NULL,NULL,NULL,NULL,NULL,NULL),(240,'2019-10-15T03:00:00.000Z',NULL,'         103',' 6756664','2019-10-15T03:00:00.000Z','ECHEVERRIA IZQUIERDO INGENIERIA         ','EDIFICIO WALKER MARTINEZ III            ',NULL,'CANIUPAN Ñ.                             ','601','13LR','       504','FPCD99    ',NULL,'','LIRA 2015','',1,1,'2019-10-22 12:27:30','2019-10-22 12:27:30',0,NULL,NULL,NULL,NULL,NULL),(241,'2019-10-15T03:00:00.000Z',NULL,'         103',' 6756664','2019-10-15T03:00:00.000Z','ECHEVERRIA IZQUIERDO INGENIERIA         ','EDIFICIO WALKER MARTINEZ III            ',NULL,'CANIUPAN Ñ.                             ','601','13LR','       504','FPCD99    ',NULL,'','LIRA 2015','',1,1,'2019-10-22 12:32:35','2019-10-22 12:32:35',0,NULL,NULL,NULL,NULL,NULL),(242,'2019-10-15T03:00:00.000Z',NULL,'         103',' 6756664','2019-10-15T03:00:00.000Z','ECHEVERRIA IZQUIERDO INGENIERIA         ','EDIFICIO WALKER MARTINEZ III            ',NULL,'CANIUPAN Ñ.                             ','601','13LR','       504','FPCD99    ',NULL,'','LIRA 2015','',1,1,'2019-10-22 12:39:21','2019-10-22 12:39:21',0,NULL,NULL,NULL,NULL,NULL),(243,'2019-10-15T03:00:00.000Z',NULL,'         103',' 6756664','2019-10-15T03:00:00.000Z','ECHEVERRIA IZQUIERDO INGENIERIA         ','EDIFICIO WALKER MARTINEZ III            ',NULL,'CANIUPAN Ñ.                             ','601','13LR','       504','FPCD99    ',NULL,'','LIRA 2015','',1,1,'2019-10-22 12:42:58','2019-10-22 12:42:58',0,NULL,NULL,NULL,NULL,NULL),(244,'2019-10-15T03:00:00.000Z',NULL,'         103',' 6756664','2019-10-15T03:00:00.000Z','ECHEVERRIA IZQUIERDO INGENIERIA         ','EDIFICIO WALKER MARTINEZ III            ',NULL,'CANIUPAN Ñ.                             ','601','13LR','       504','FPCD99    ',NULL,'','LIRA 2015','',1,1,'2019-10-22 12:52:17','2019-10-22 12:52:17',0,NULL,NULL,NULL,NULL,NULL),(245,'2019-10-15T03:00:00.000Z',NULL,'         103',' 6756664','2019-10-15T03:00:00.000Z','ECHEVERRIA IZQUIERDO INGENIERIA         ','EDIFICIO WALKER MARTINEZ III            ',NULL,'CANIUPAN Ñ.                             ','601','13LR','       504','FPCD99    ',NULL,'','LIRA 2015','',1,1,'2019-10-22 12:55:47','2019-10-22 12:55:47',0,NULL,NULL,NULL,NULL,NULL),(246,'2019-10-15T03:00:00.000Z',NULL,'103','6756664','2019-10-15T03:00:00.000Z',NULL,NULL,NULL,NULL,NULL,'13LR',NULL,NULL,NULL,NULL,NULL,NULL,1,1,'2019-10-22 13:04:49','2019-10-22 13:04:49',NULL,NULL,NULL,NULL,NULL,NULL),(247,'2019-10-15T03:00:00.000Z',NULL,'103','6756664','2019-10-15T03:00:00.000Z',NULL,NULL,NULL,NULL,NULL,'13LR',NULL,NULL,NULL,NULL,NULL,NULL,1,1,'2019-10-22 13:05:35','2019-10-22 13:05:35',NULL,NULL,NULL,NULL,NULL,NULL),(248,'2019-10-15T03:00:00.000Z',NULL,'         103',' 6756664','2019-10-15T03:00:00.000Z','ECHEVERRIA IZQUIERDO INGENIERIA         ','EDIFICIO WALKER MARTINEZ III            ',NULL,'CANIUPAN Ñ.                             ','601','13LR','       504','FPCD99    ',NULL,'','LIRA 2015','',1,1,'2019-10-22 13:08:49','2019-10-22 13:08:49',0,NULL,NULL,NULL,NULL,NULL),(249,'2019-10-15T03:00:00.000Z',NULL,'         103',' 6756664','2019-10-15T03:00:00.000Z','ECHEVERRIA IZQUIERDO INGENIERIA         ','EDIFICIO WALKER MARTINEZ III            ',NULL,'CANIUPAN Ñ.                             ','601','13LR','       504','FPCD99    ',NULL,'','LIRA 2015','',1,1,'2019-10-22 13:16:26','2019-10-22 13:16:26',0,NULL,NULL,NULL,NULL,NULL),(250,'2019-10-15T03:00:00.000Z',NULL,'         103',' 6756664','2019-10-15T03:00:00.000Z','ECHEVERRIA IZQUIERDO INGENIERIA         ','EDIFICIO WALKER MARTINEZ III            ',NULL,'CANIUPAN Ñ.                             ','601','13LR','       504','FPCD99    ',NULL,'','LIRA 2015','',1,1,'2019-10-22 13:34:34','2019-10-22 13:34:34',0,NULL,NULL,NULL,NULL,NULL),(251,'2019-10-15T03:00:00.000Z',NULL,'         103',' 6756664','2019-10-15T03:00:00.000Z','ECHEVERRIA IZQUIERDO INGENIERIA         ','EDIFICIO WALKER MARTINEZ III            ',NULL,'CANIUPAN Ñ.                             ','601','13LR','       504','FPCD99    ',NULL,'','LIRA 2015','',1,1,'2019-10-22 14:04:12','2019-10-22 14:04:12',0,NULL,NULL,NULL,NULL,NULL),(252,'2019-10-15T03:00:00.000Z',NULL,'         103',' 6756664','2019-10-15T03:00:00.000Z','ECHEVERRIA IZQUIERDO INGENIERIA         ','EDIFICIO WALKER MARTINEZ III            ',NULL,'CANIUPAN Ñ.                             ','601','13LR','       504','FPCD99    ',NULL,'','LIRA 2015','',1,1,'2019-10-22 16:18:03','2019-10-22 16:18:03',0,NULL,NULL,NULL,NULL,NULL),(253,'2019-10-15T03:00:00.000Z',NULL,'         103',' 6756664','2019-10-15T03:00:00.000Z','ECHEVERRIA IZQUIERDO INGENIERIA         ','EDIFICIO WALKER MARTINEZ III            ',NULL,'CANIUPAN Ñ.                             ','601','13LR','       504','FPCD99    ',NULL,'','LIRA 2015','',1,1,'2019-10-22 16:21:53','2019-10-22 16:21:53',0,NULL,NULL,NULL,NULL,NULL),(254,'2019-10-15T03:00:00.000Z',NULL,'         103',' 6756664','2019-10-15T03:00:00.000Z','ECHEVERRIA IZQUIERDO INGENIERIA         ','EDIFICIO WALKER MARTINEZ III            ','12148381-5','CANIUPAN Ñ.                             ','601','13LR','       504','FPCD99    ',NULL,'','LIRA 2015','',1,1,'2019-10-22 16:33:22','2019-10-22 16:33:22',0,NULL,NULL,NULL,NULL,NULL),(255,'2019-10-15T03:00:00.000Z',NULL,'         103',' 6756664','2019-10-15T03:00:00.000Z','ECHEVERRIA IZQUIERDO INGENIERIA         ','EDIFICIO WALKER MARTINEZ III            ','12148381-5','CANIUPAN Ñ.                             ','601','13LR','       504','FPCD99    ',NULL,'','LIRA 2015','',1,1,'2019-10-22 16:49:34','2019-10-22 16:49:34',0,NULL,NULL,NULL,NULL,NULL),(256,'2019-10-15T03:00:00.000Z',NULL,'         103',' 6756664','2019-10-15T03:00:00.000Z','ECHEVERRIA IZQUIERDO INGENIERIA         ','EDIFICIO WALKER MARTINEZ III            ','12148381-5','CANIUPAN Ñ.                             ','601','13LR','       504','FPCD99    ',NULL,'','LIRA 2015','',1,1,'2019-10-22 16:57:51','2019-10-22 16:57:51',0,NULL,NULL,NULL,NULL,NULL),(257,'2019-10-15T03:00:00.000Z',NULL,'         103',' 6756664','2019-10-15T03:00:00.000Z','ECHEVERRIA IZQUIERDO INGENIERIA         ','EDIFICIO WALKER MARTINEZ III            ','12148381-5','CANIUPAN Ñ.                             ','601','13LR','       504','FPCD99    ',NULL,'','LIRA 2015','',1,1,'2019-10-22 17:03:03','2019-10-22 17:03:03',0,NULL,NULL,NULL,NULL,NULL),(258,'2019-10-15T03:00:00.000Z',NULL,'         103',' 6756664','2019-10-15T03:00:00.000Z','ECHEVERRIA IZQUIERDO INGENIERIA         ','EDIFICIO WALKER MARTINEZ III            ','12148381-5','CANIUPAN Ñ.                             ','601','13LR','       504','FPCD99    ',NULL,'','LIRA 2015','',1,1,'2019-10-22 17:04:11','2019-10-22 17:04:11',0,NULL,NULL,NULL,NULL,NULL),(259,'2019-10-15T03:00:00.000Z',NULL,'         103',' 6756664','2019-10-15T03:00:00.000Z','ECHEVERRIA IZQUIERDO INGENIERIA         ','EDIFICIO WALKER MARTINEZ III            ','12148381-5','CANIUPAN Ñ.                             ','601','13LR','       504','FPCD99    ',NULL,'','LIRA 2015','',1,1,'2019-10-22 17:12:33','2019-10-22 17:12:33',0,NULL,NULL,NULL,NULL,NULL),(260,'2019-10-15T03:00:00.000Z',NULL,'         103',' 6756664','2019-10-15T03:00:00.000Z','ECHEVERRIA IZQUIERDO INGENIERIA         ','EDIFICIO WALKER MARTINEZ III            ','12148381-5','CANIUPAN Ñ.                             ','601','13LR','       504','FPCD99    ',NULL,'','LIRA 2015','',1,1,'2019-10-22 17:20:20','2019-10-22 17:20:20',0,NULL,NULL,NULL,NULL,NULL),(261,'2019-10-15T03:00:00.000Z',NULL,'         103',' 6756664','2019-10-15T03:00:00.000Z','ECHEVERRIA IZQUIERDO INGENIERIA         ','EDIFICIO WALKER MARTINEZ III            ','12148381-5','CANIUPAN Ñ.                             ','601','13LR','       504','FPCD99    ',NULL,'','LIRA 2015','',1,1,'2019-10-22 17:33:36','2019-10-22 17:33:36',0,NULL,NULL,NULL,NULL,NULL),(262,'2019-10-15T03:00:00.000Z',NULL,'         103',' 6756664','2019-10-15T03:00:00.000Z','ECHEVERRIA IZQUIERDO INGENIERIA         ','EDIFICIO WALKER MARTINEZ III            ','12148381-5','CANIUPAN Ñ.                             ','601','13LR','       504','FPCD99    ',NULL,'','LIRA 2015','',1,1,'2019-10-22 17:58:46','2019-10-22 17:58:46',0,NULL,NULL,NULL,NULL,NULL),(263,'2019-10-15T03:00:00.000Z',NULL,'         103',' 6756664','2019-10-15T03:00:00.000Z','ECHEVERRIA IZQUIERDO INGENIERIA         ','EDIFICIO WALKER MARTINEZ III            ','12148381-5','CANIUPAN Ñ.                             ','601','13LR','       504','FPCD99    ',NULL,'','LIRA 2015','',1,1,'2019-10-22 18:10:24','2019-10-22 18:10:24',0,NULL,NULL,NULL,NULL,NULL),(264,'2019-10-15T03:00:00.000Z',NULL,'         103',' 6756664','2019-10-15T03:00:00.000Z','ECHEVERRIA IZQUIERDO INGENIERIA         ','EDIFICIO WALKER MARTINEZ III            ','12148381-5','CANIUPAN Ñ.                             ','601','13LR','       504','FPCD99    ',NULL,'','LIRA 2015','',1,1,'2019-10-22 19:33:39','2019-10-22 19:33:39',0,NULL,NULL,NULL,NULL,NULL),(265,'2019-10-15T03:00:00.000Z',NULL,'         103',' 6756664','2019-10-15T03:00:00.000Z','ECHEVERRIA IZQUIERDO INGENIERIA         ','EDIFICIO WALKER MARTINEZ III            ','12148381-5','CANIUPAN Ñ.                             ','601','13LR','       504','FPCD99    ',NULL,'','LIRA 2015','',1,1,'2019-10-22 20:19:56','2019-10-22 20:19:56',0,NULL,NULL,NULL,NULL,NULL),(268,'2019-10-15T03:00:00.000Z',NULL,'         103',' 6756664','2019-10-15T03:00:00.000Z','ECHEVERRIA IZQUIERDO INGENIERIA         ','EDIFICIO WALKER MARTINEZ III            ','12148381-5','CANIUPAN Ñ.                             ','601','13LR','       504','FPCD99    ',NULL,'','LIRA 2015','',1,1,'2019-10-22 21:49:17','2019-10-22 21:49:17',0,NULL,NULL,NULL,NULL,NULL),(269,'2019-10-15T03:00:00.000Z',NULL,'         103',' 6756664','2019-10-15T03:00:00.000Z','ECHEVERRIA IZQUIERDO INGENIERIA         ','EDIFICIO WALKER MARTINEZ III            ','12148381-5','CANIUPAN Ñ.                             ','601','13LR','       504','FPCD99    ',NULL,'','LIRA 2015','',1,5,'2019-10-22 21:49:30','2019-10-22 21:49:30',1,NULL,NULL,NULL,NULL,NULL),(270,'2019-10-15T03:00:00.000Z',NULL,'         103',' 6756664','2019-10-15T03:00:00.000Z','ECHEVERRIA IZQUIERDO INGENIERIA         ','EDIFICIO WALKER MARTINEZ III            ','12148381-5','CANIUPAN Ñ.                             ','601','13LR','       504','FPCD99    ',NULL,'','LIRA 2015','',1,1,'2019-10-22 22:08:46','2019-10-22 22:08:46',0,NULL,NULL,NULL,NULL,NULL),(271,'2019-10-15T03:00:00.000Z',NULL,'         103',' 6756664','2019-10-15T03:00:00.000Z','ECHEVERRIA IZQUIERDO INGENIERIA         ','EDIFICIO WALKER MARTINEZ III            ','12148381-5','CANIUPAN Ñ.                             ','601','13LR','       504','FPCD99    ',NULL,'','LIRA 2015','',1,1,'2019-10-22 22:09:33','2019-10-22 22:09:33',0,NULL,NULL,NULL,NULL,NULL),(272,'2019-10-23T03:00:00.000Z',NULL,'         103',' 6756671','2019-10-23T03:00:00.000Z','ECHEVERRIA IZQUIERDO INGENIERIA         ','EDIFICIO WALKER MARTINEZ III            ','8115781-2','Juan Carlos Farias Espinoza             ','601','13LR','       512',NULL,NULL,'','LIRA 2015','',1,1,'2019-10-23 00:21:55','2019-10-23 00:21:55',0,NULL,NULL,NULL,NULL,NULL),(273,'2019-10-23T03:00:00.000Z',NULL,'         103',' 6756672','2019-10-23T03:00:00.000Z','ECHEVERRIA IZQUIERDO INGENIERIA         ','EDIFICIO WALKER MARTINEZ III            ','13920297-K','CLAUDIO HERNANDEZ ESPINOZA              ','601','13LR','       501',NULL,NULL,'','LIRA 2015','',1,1,'2019-10-23 00:22:37','2019-10-23 00:22:37',0,NULL,NULL,NULL,NULL,NULL),(274,'2019-10-23T03:00:00.000Z',NULL,'         103',' 6756673','2019-10-23T03:00:00.000Z','ECHEVERRIA IZQUIERDO INGENIERIA         ','EDIFICIO WALKER MARTINEZ III            ','9318380-0','VICTOR CARRASCO BUSTOS                  ','601','13LR','       505','FPFT56    ',NULL,'','LIRA 2015','',1,1,'2019-10-23 00:32:58','2019-10-23 00:32:58',0,NULL,NULL,NULL,NULL,NULL),(275,'2019-10-23T03:00:00.000Z',NULL,'         103',' 6756674','2019-10-23T03:00:00.000Z','ECHEVERRIA IZQUIERDO INGENIERIA         ','EDIFICIO WALKER MARTINEZ III            ','11847773-1','FRANCISCO JARA                          ','601','13LR','       510',NULL,NULL,'','LIRA 2015','',1,1,'2019-10-23 00:40:06','2019-10-23 00:40:06',0,NULL,NULL,NULL,NULL,NULL),(276,'2019-10-23T03:00:00.000Z',NULL,'         103',' 6756675','2019-10-23T03:00:00.000Z','ECHEVERRIA IZQUIERDO INGENIERIA         ','EDIFICIO WALKER MARTINEZ III            ','15268160-7','Manuel Reyes G                          ','601','13LR','       513',NULL,NULL,'','LIRA 2015','',1,1,'2019-10-23 00:46:00','2019-10-23 00:46:00',0,NULL,NULL,NULL,NULL,NULL),(277,'2019-10-23T03:00:00.000Z',NULL,'         103',' 6756678','2019-10-23T03:00:00.000Z','ECHEVERRIA IZQUIERDO INGENIERIA         ','EDIFICIO WALKER MARTINEZ III            ','10563406-4','CARLOS SOLÍS VILVCHES                   ','601','13LR','       502','FLPX89',NULL,'','LIRA 2015','',1,1,'2019-10-23 00:54:54','2019-10-23 00:54:54',0,NULL,NULL,NULL,NULL,NULL),(278,'2019-10-23T03:00:00.000Z',NULL,'         103',' 6756679','2019-10-23T03:00:00.000Z','ECHEVERRIA IZQUIERDO INGENIERIA         ','EDIFICIO WALKER MARTINEZ III            ','13707513-K','DAVID PIMIENTA LOBOS                    ','601','13LR','       506','FLSY45',NULL,'','LIRA 2015','',1,1,'2019-10-23 01:03:00','2019-10-23 01:03:00',0,NULL,NULL,NULL,NULL,NULL),(279,'2019-10-23T03:00:00.000Z',NULL,'         103',' 6756680','2019-10-23T03:00:00.000Z','ECHEVERRIA IZQUIERDO INGENIERIA         ','EDIFICIO WALKER MARTINEZ III            ','13689680-6','SEPULVEDA MANUEL                        ','601','13LR','       511','FPFT61',NULL,'','LIRA 2015','123456',1,5,'2019-10-23 01:07:48','2019-10-23 01:20:46',1,NULL,NULL,NULL,NULL,NULL);
/*!40000 ALTER TABLE `guia` ENABLE KEYS */;
UNLOCK TABLES;

--
-- Table structure for table `guia_detalle`
--

DROP TABLE IF EXISTS `guia_detalle`;
/*!40101 SET @saved_cs_client     = @@character_set_client */;
/*!40101 SET character_set_client = utf8 */;
CREATE TABLE `guia_detalle` (
  `id` int(11) NOT NULL AUTO_INCREMENT,
  `intrnl_line_num` varchar(15) DEFAULT NULL,
  `cstmry_delv_qty` varchar(10) DEFAULT NULL,
  `metric_delv_qty` varchar(10) DEFAULT NULL,
  `delv_qty` varchar(10) DEFAULT NULL,
  `qty_um` varchar(45) DEFAULT NULL,
  `rm_slump` varchar(45) DEFAULT NULL,
  `prod_code` varchar(45) DEFAULT NULL,
  `prod_descrip` varchar(150) DEFAULT NULL,
  `guia_id` int(11) NOT NULL,
  `lock_flag` int(11) DEFAULT NULL,
  PRIMARY KEY (`id`),
  KEY `fk_guia_detalle_guia_idx` (`guia_id`),
  CONSTRAINT `fk_guia_detalle_guia` FOREIGN KEY (`guia_id`) REFERENCES `guia` (`id`) ON DELETE NO ACTION ON UPDATE NO ACTION
) ENGINE=InnoDB AUTO_INCREMENT=207 DEFAULT CHARSET=latin1;
/*!40101 SET character_set_client = @saved_cs_client */;

--
-- Dumping data for table `guia_detalle`
--

LOCK TABLES `guia_detalle` WRITE;
/*!40000 ALTER TABLE `guia_detalle` DISABLE KEYS */;
INSERT INTO `guia_detalle` VALUES (132,'10','9.81','7.50','7.50',NULL,'UF 4.00','301426',NULL,196,0),(133,'10','9.81','7.50','7.50',NULL,'UF 4.00','301426',NULL,197,0),(134,'10','9.81','7.50','7.50',NULL,'UF 4.00','301426',NULL,198,0),(135,'10','9.81','7.50','7.50',NULL,'UF 4.00','301426',NULL,199,0),(136,'10','9.81','7.50','7.50',NULL,'UF 4.00','301426',NULL,200,0),(137,'10','9.81','7.50','7.50',NULL,'UF 4.00','301426',NULL,201,0),(138,'10','9.81','7.50','7.50',NULL,'UF 4.00','301426',NULL,202,0),(139,'10','9.81','7.50','7.50',NULL,'UF 4.00','301426',NULL,203,0),(140,'10','9.81','7.50','7.50',NULL,'UF 4.00','301426',NULL,204,0),(141,'10','9.81','7.50','7.50',NULL,'UF 4.00','301426',NULL,205,0),(142,'10','9.81','7.50','7.50',NULL,'UF 4.00','301426',NULL,206,0),(143,'10','9.81','7.50','7.50',NULL,'UF 4.00','301426',NULL,207,0),(144,'10','9.81','7.50','7.50',NULL,'UF 4.00','301426',NULL,208,0),(145,'10','9.81','7.50','7.50',NULL,'UF 4.00','301426',NULL,209,0),(146,'10','9.81','7.50','7.50',NULL,'UF 4.00','301426',NULL,210,0),(147,'10','9.81','7.50','7.50',NULL,'UF 4.00','301426',NULL,211,0),(148,'10','9.81','7.50','7.50',NULL,'UF 4.00','301426',NULL,212,0),(149,'10','9.81','7.50','7.50',NULL,'UF 4.00','301426',NULL,213,0),(150,'10','9.81','7.50','7.50',NULL,'UF 4.00','301426',NULL,214,0),(151,'10','9.81','7.50','7.50',NULL,'UF 4.00','301426',NULL,215,0),(152,'10','9.81','7.50','7.50',NULL,'UF 4.00','301426',NULL,216,0),(153,'10','9.81','7.50','7.50',NULL,'UF 4.00','301426',NULL,217,0),(154,'10','9.81','7.50','7.50',NULL,'UF 4.00','301426',NULL,218,0),(155,'10','9.81','7.50','7.50',NULL,'UF 4.00','301426',NULL,219,0),(156,'10','9.81','7.50','7.50',NULL,'UF 4.00','301426',NULL,220,0),(157,'10','9.81','7.50','7.50',NULL,'UF 4.00','301426',NULL,221,0),(158,'10','9.81','7.50','7.50',NULL,'UF 4.00','301426',NULL,222,0),(159,'10','9.81','7.50','7.50',NULL,'UF 4.00','301426',NULL,223,0),(160,'10','9.81','7.50','7.50',NULL,'UF 4.00','301426',NULL,224,0),(161,'10','9.81','7.50','7.50',NULL,'UF 4.00','301426',NULL,225,0),(162,'10','9.81','7.50','7.50',NULL,'UF 4.00','301426',NULL,226,0),(163,'10','9.81','7.50','7.50',NULL,'UF 4.00','301426',NULL,227,0),(164,'10','9.81','7.50','7.50',NULL,'UF 4.00','301426',NULL,228,0),(165,'10','9.81','7.50','7.50',NULL,'UF 4.00','301426',NULL,229,0),(166,'10','9.81','7.50','7.50',NULL,'UF 4.00','301426',NULL,233,0),(167,'10','9.81','7.50','7.50',NULL,'UF 4.00','301426',NULL,234,0),(168,'10','9.81','7.50','7.50',NULL,'UF 4.00','301426',NULL,235,0),(169,'10','9.81','7.50','7.50',NULL,'UF 4.00','301426',NULL,236,0),(170,'10','9.81','7.50','7.50',NULL,'UF 4.00','301426',NULL,237,0),(171,'10','9.81','7.50','7.50',NULL,'UF 4.00','301426',NULL,238,0),(172,'10','9.81','7.50','7.50',NULL,'UF 4.00','301426',NULL,240,0),(173,'10','9.81','7.50','7.50',NULL,'UF 4.00','301426',NULL,241,0),(174,'10','9.81','7.50','7.50',NULL,'UF 4.00','301426',NULL,242,0),(175,'10','9.81','7.50','7.50',NULL,'UF 4.00','301426',NULL,243,0),(176,'10','9.81','7.50','7.50',NULL,'UF 4.00','301426',NULL,244,0),(177,'10','9.81','7.50','7.50',NULL,'UF 4.00','301426',NULL,245,0),(178,'10','9.81','7.50','7.50',NULL,'UF 4.00','301426',NULL,248,0),(179,'10','9.81','7.50','7.50',NULL,'UF 4.00','301426',NULL,249,0),(180,'10','9.81','7.50','7.50',NULL,'UF 4.00','301426',NULL,250,0),(181,'10','9.81','7.50','7.50',NULL,'UF 4.00','301426',NULL,251,0),(182,'10','9.81','7.50','7.50',NULL,'UF 4.00','301426',NULL,252,0),(183,'10','9.81','7.50','7.50',NULL,'UF 4.00','301426',NULL,253,0),(184,'10','9.81','7.50','7.50',NULL,'UF 4.00','301426',NULL,254,0),(185,'10','9.81','7.50','7.50',NULL,'UF 4.00','301426',NULL,255,0),(186,'10','9.81','7.50','7.50',NULL,'UF 4.00','301426',NULL,256,0),(187,'10','9.81','7.50','7.50',NULL,'UF 4.00','301426',NULL,257,0),(188,'10','9.81','7.50','7.50',NULL,'UF 4.00','301426',NULL,258,0),(189,'10','9.81','7.50','7.50',NULL,'UF 4.00','301426',NULL,259,0),(190,'10','9.81','7.50','7.50',NULL,'UF 4.00','301426',NULL,260,0),(191,'10','9.81','7.50','7.50',NULL,'UF 4.00','301426',NULL,261,0),(192,'10','9.81','7.50','7.50',NULL,'UF 4.00','301426',NULL,262,0),(193,'10','9.81','7.50','7.50',NULL,'UF 4.00','301426',NULL,263,0),(194,'10','9.81','7.50','7.50',NULL,'UF 4.00','301426',NULL,264,0),(195,'10','9.81','7.50','7.50',NULL,'UF 4.00','301426',NULL,265,0),(196,'10','9.81','7.50','7.50',NULL,'UF 4.00','301426',NULL,268,0),(197,'10','9.81','7.50','7.50',NULL,'UF 4.00','301426',NULL,269,0),(198,'10','9.81','7.50','7.50',NULL,'UF 4.00','301426',NULL,270,0),(199,'10','9.81','7.50','7.50',NULL,'UF 4.00','301426',NULL,271,0),(200,'10','9.81','7.50','7.50',NULL,'UF 4.00','301426',NULL,272,0),(201,'10','9.81','7.50','7.50',NULL,'UF 4.00','301426',NULL,273,0),(202,'10','9.81','7.50','7.50',NULL,'UF 4.00','301426',NULL,274,0),(203,'10','9.81','7.50','7.50',NULL,'UF 4.00','301426',NULL,275,0),(204,'10','9.81','7.50','7.50',NULL,'UF 4.00','301426',NULL,277,0),(205,'10','9.81','7.50','7.50',NULL,'UF 4.00','301426',NULL,278,0),(206,'10','9.81','7.50','7.50',NULL,'UF 4.00','301426',NULL,279,0);
/*!40000 ALTER TABLE `guia_detalle` ENABLE KEYS */;
UNLOCK TABLES;

--
-- Table structure for table `guia_estado`
--

DROP TABLE IF EXISTS `guia_estado`;
/*!40101 SET @saved_cs_client     = @@character_set_client */;
/*!40101 SET character_set_client = utf8 */;
CREATE TABLE `guia_estado` (
  `id` int(11) NOT NULL AUTO_INCREMENT,
  `estado` varchar(45) DEFAULT NULL,
  `descripcion` varchar(255) DEFAULT NULL,
  `lock_flag` int(11) DEFAULT NULL,
  PRIMARY KEY (`id`)
) ENGINE=InnoDB AUTO_INCREMENT=35 DEFAULT CHARSET=latin1;
/*!40101 SET character_set_client = @saved_cs_client */;

--
-- Dumping data for table `guia_estado`
--

LOCK TABLES `guia_estado` WRITE;
/*!40000 ALTER TABLE `guia_estado` DISABLE KEYS */;
INSERT INTO `guia_estado` VALUES (1,'EN_ESPERA','Estado inicial de una guia',NULL),(2,'CANCELADA',NULL,NULL),(3,'SOL_EMISION','Estado alcanzado al terminar el timeout',NULL),(4,'ERROR_EMISION','Informado por iConstruye cuando se produce algun error al momento de emitir la guia',NULL),(5,'EMITIDA_SII',NULL,NULL),(6,'ESCANEADA',NULL,NULL),(7,'REPASADA',NULL,NULL),(8,'ESCANEADA-REPASADA',NULL,NULL),(9,'ERROR_ANULACION',NULL,NULL),(10,'ANULADA',NULL,NULL),(11,'EN_ESPERA_DE_SELLO',NULL,NULL),(21,'ERROR_EMISION','Informado por iConstruye cuando se produce algun error al momento de emitir la guia',0),(22,'ERROR_EMISION','Informado por iConstruye cuando se produce algun error al momento de emitir la guia',0),(23,'ERROR_EMISION','Informado por iConstruye cuando se produce algun error al momento de emitir la guia',0),(24,'ERROR_EMISION','Informado por iConstruye cuando se produce algun error al momento de emitir la guia',0),(25,'ERROR_EMISION','Informado por iConstruye cuando se produce algun error al momento de emitir la guia',0),(26,'ERROR_EMISION','Informado por iConstruye cuando se produce algun error al momento de emitir la guia',0),(27,'ERROR_EMISION','Informado por iConstruye cuando se produce algun error al momento de emitir la guia',0),(28,'ERROR_EMISION','Informado por iConstruye cuando se produce algun error al momento de emitir la guia',0),(29,'ERROR_EMISION','Informado por iConstruye cuando se produce algun error al momento de emitir la guia',0),(30,'ERROR_EMISION','Informado por iConstruye cuando se produce algun error al momento de emitir la guia',0),(31,'ERROR_EMISION','Informado por iConstruye cuando se produce algun error al momento de emitir la guia',0),(32,'EMITIDA_SII',NULL,0),(33,'EMITIDA_SII',NULL,0),(34,'EMITIDA_SII',NULL,0);
/*!40000 ALTER TABLE `guia_estado` ENABLE KEYS */;
UNLOCK TABLES;

--
-- Table structure for table `guia_estado_opcion`
--

DROP TABLE IF EXISTS `guia_estado_opcion`;
/*!40101 SET @saved_cs_client     = @@character_set_client */;
/*!40101 SET character_set_client = utf8 */;
CREATE TABLE `guia_estado_opcion` (
  `id` int(11) NOT NULL AUTO_INCREMENT,
  `opcion` varchar(25) DEFAULT NULL,
  `guia_estado_id` int(11) DEFAULT NULL,
  `lock_flag` int(11) DEFAULT NULL,
  PRIMARY KEY (`id`),
  KEY `guia_estado_opcion_FK` (`guia_estado_id`),
  CONSTRAINT `guia_estado_opcion_FK` FOREIGN KEY (`guia_estado_id`) REFERENCES `guia_estado` (`id`)
) ENGINE=InnoDB AUTO_INCREMENT=21 DEFAULT CHARSET=latin1;
/*!40101 SET character_set_client = @saved_cs_client */;

--
-- Dumping data for table `guia_estado_opcion`
--

LOCK TABLES `guia_estado_opcion` WRITE;
/*!40000 ALTER TABLE `guia_estado_opcion` DISABLE KEYS */;
INSERT INTO `guia_estado_opcion` VALUES (1,'Emitir',1,NULL),(2,'Ver Historial',1,NULL),(3,'Ver Historial',2,NULL),(4,'Ver Historial',3,NULL),(5,'Cancelar',3,NULL),(6,'Ver Historial',4,NULL),(7,'Emitir',4,NULL),(8,'Ver Historial',5,NULL),(9,'Ver Guia Electrónica',5,NULL),(10,'Anular',5,NULL),(11,'Ver Historial',6,NULL),(12,'Ver Historial',7,NULL),(13,'Ver Historial',8,NULL),(14,'Ver Historial',9,NULL),(15,'Ver Historial',10,NULL);
/*!40000 ALTER TABLE `guia_estado_opcion` ENABLE KEYS */;
UNLOCK TABLES;

--
-- Table structure for table `guia_historial`
--

DROP TABLE IF EXISTS `guia_historial`;
/*!40101 SET @saved_cs_client     = @@character_set_client */;
/*!40101 SET character_set_client = utf8 */;
CREATE TABLE `guia_historial` (
  `id` int(11) NOT NULL AUTO_INCREMENT,
  `fecha` datetime DEFAULT NULL,
  `usuario` varchar(45) DEFAULT NULL,
  `observacion` text DEFAULT NULL,
  `guia_id` int(11) NOT NULL,
  `tick_estado_id` int(11) NOT NULL,
  `guia_estado_id` int(11) NOT NULL,
  `lock_flag` int(11) DEFAULT NULL,
  PRIMARY KEY (`id`),
  KEY `fk_guia_historial_guia1_idx` (`guia_id`),
  KEY `fk_guia_historial_tick_estado1_idx` (`tick_estado_id`),
  KEY `fk_guia_historial_guia_estado1_idx` (`guia_estado_id`),
  CONSTRAINT `fk_guia_historial_guia1` FOREIGN KEY (`guia_id`) REFERENCES `guia` (`id`) ON DELETE NO ACTION ON UPDATE NO ACTION,
  CONSTRAINT `fk_guia_historial_guia_estado1` FOREIGN KEY (`guia_estado_id`) REFERENCES `guia_estado` (`id`) ON DELETE NO ACTION ON UPDATE NO ACTION,
  CONSTRAINT `fk_guia_historial_tick_estado1` FOREIGN KEY (`tick_estado_id`) REFERENCES `tick_estado` (`id`) ON DELETE NO ACTION ON UPDATE NO ACTION
) ENGINE=InnoDB AUTO_INCREMENT=40 DEFAULT CHARSET=latin1;
/*!40101 SET character_set_client = @saved_cs_client */;

--
-- Dumping data for table `guia_historial`
--

LOCK TABLES `guia_historial` WRITE;
/*!40000 ALTER TABLE `guia_historial` DISABLE KEYS */;
INSERT INTO `guia_historial` VALUES (35,'2019-10-21 10:24:50',NULL,'Ha ocurrido un error al procesar la solicitud. Object reference not set to an instance of an object.',205,12,27,0),(36,'2019-10-21 11:35:39',NULL,'Ha ocurrido un error al procesar la solicitud. Object reference not set to an instance of an object.',207,13,28,0),(37,'2019-10-21 22:43:02',NULL,'Ha ocurrido un error al procesar la solicitud. Input string was not in a correct format.',236,14,29,0),(38,'2019-10-23 00:08:45',NULL,NULL,269,1,5,0),(39,'2019-10-23 01:21:58',NULL,NULL,279,1,5,0);
/*!40000 ALTER TABLE `guia_historial` ENABLE KEYS */;
UNLOCK TABLES;

--
-- Table structure for table `guia_repaso`
--

DROP TABLE IF EXISTS `guia_repaso`;
/*!40101 SET @saved_cs_client     = @@character_set_client */;
/*!40101 SET character_set_client = utf8 */;
CREATE TABLE `guia_repaso` (
  `id` int(11) NOT NULL AUTO_INCREMENT,
  `obs` varchar(255) DEFAULT NULL,
  `fecha_actualizacion` datetime DEFAULT NULL,
  `usuario` varchar(45) DEFAULT NULL,
  `hora_carga` varchar(5) DEFAULT NULL,
  `salida_planta` varchar(5) DEFAULT NULL,
  `llegada_obra` varchar(5) DEFAULT NULL,
  `inicio_descarga` varchar(5) DEFAULT NULL,
  `salida_obra` varchar(5) DEFAULT NULL,
  `ingreso_planta` varchar(5) DEFAULT NULL,
  `solicitud_nc` tinyint(4) DEFAULT NULL,
  `rc_nombre` varchar(150) DEFAULT NULL,
  `rc_rut` varchar(10) DEFAULT NULL,
  `rc_recinto` varchar(45) DEFAULT NULL,
  `rc_firmado` tinyint(4) DEFAULT NULL,
  `folios_ok` tinyint(4) DEFAULT NULL,
  `ac_agua` varchar(45) DEFAULT NULL,
  `ac_aditivo` varchar(45) DEFAULT NULL,
  `ac_adit_cant` varchar(45) DEFAULT NULL,
  `ac_solicitante` varchar(150) DEFAULT NULL,
  `ac_firmado` tinyint(4) DEFAULT NULL,
  `dh_m3` varchar(45) DEFAULT NULL,
  `dh_destino_final` varchar(150) DEFAULT NULL,
  `dh_nombre` varchar(150) DEFAULT NULL,
  `dh_firmado` tinyint(4) DEFAULT NULL,
  `bom_cantidad` varchar(15) DEFAULT NULL,
  `bom_cod_bomba` varchar(45) DEFAULT NULL,
  `bom_proveedor` varchar(45) DEFAULT NULL,
  `bom_report` varchar(45) DEFAULT NULL,
  `mue_laboratorio` varchar(45) DEFAULT NULL,
  `mue_numero` varchar(45) DEFAULT NULL,
  `mue_asentamiento` varchar(45) DEFAULT NULL,
  `adi_litros` varchar(45) DEFAULT NULL,
  `adi_tipo` varchar(45) DEFAULT NULL,
  `mail_envio_guia` varchar(150) DEFAULT NULL,
  `camion_devuelto` tinyint(4) DEFAULT NULL,
  `guia_id` int(11) NOT NULL,
  `email_enviado` tinyint(4) DEFAULT 0,
  `lock_flag` int(11) DEFAULT NULL,
  PRIMARY KEY (`id`),
  KEY `fk_guia_repaso_guia1_idx` (`guia_id`),
  CONSTRAINT `fk_guia_repaso_guia1` FOREIGN KEY (`guia_id`) REFERENCES `guia` (`id`) ON DELETE NO ACTION ON UPDATE NO ACTION
) ENGINE=InnoDB DEFAULT CHARSET=latin1;
/*!40101 SET character_set_client = @saved_cs_client */;

--
-- Dumping data for table `guia_repaso`
--

LOCK TABLES `guia_repaso` WRITE;
/*!40000 ALTER TABLE `guia_repaso` DISABLE KEYS */;
/*!40000 ALTER TABLE `guia_repaso` ENABLE KEYS */;
UNLOCK TABLES;

--
-- Table structure for table `parametro`
--

DROP TABLE IF EXISTS `parametro`;
/*!40101 SET @saved_cs_client     = @@character_set_client */;
/*!40101 SET character_set_client = utf8 */;
CREATE TABLE `parametro` (
  `id` int(11) NOT NULL AUTO_INCREMENT,
  `cod_centro` varchar(45) DEFAULT NULL,
  `cod_planta` varchar(45) DEFAULT NULL,
  `categoria` varchar(45) DEFAULT NULL,
  `parametro` varchar(45) DEFAULT NULL,
  `valor` varchar(100) DEFAULT NULL,
  `activo` tinyint(1) DEFAULT 0,
  `excepcionable` tinyint(1) DEFAULT 1,
  `idParametroRef` varchar(255) DEFAULT '*',
  `lock_flag` int(11) DEFAULT NULL,
  PRIMARY KEY (`id`)
) ENGINE=InnoDB AUTO_INCREMENT=467 DEFAULT CHARSET=latin1;
/*!40101 SET character_set_client = @saved_cs_client */;

--
-- Dumping data for table `parametro`
--

LOCK TABLES `parametro` WRITE;
/*!40000 ALTER TABLE `parametro` DISABLE KEYS */;
INSERT INTO `parametro` VALUES (2,'*','*','Datos Emisor','rutemisor','91755000-K',1,1,NULL,NULL),(3,'*','*','Datos Emisor','rznsoc','CEMENTOS BIO BIO S.A.',1,1,NULL,NULL),(4,'*','*','Datos Emisor','dirorigen','Alfredo Barros Errazuriz #1689',1,1,NULL,NULL),(5,'*','*','Datos Emisor','cmnaorigen','Providencia',1,1,NULL,NULL),(6,'*','*','Datos Emisor','Plantaorigen','Lira-601',1,1,NULL,NULL),(7,'*','*','Aditivos Obra','Aditivo','aditivo 1',1,1,NULL,NULL),(8,'*','*','Aditivos Obra','Aditivo','aditivo 2',1,1,NULL,NULL),(9,'*','*','Global','Venta por cuenta','Bio Bio Cementos S.A.',1,1,'*',NULL),(10,'*','*','Global','Minutos de espera','1',1,1,'*',NULL),(11,'*','*','Global','Impresora predeterminada','Lexmark MS610 Series XL',1,1,'*',NULL),(12,'*','*','Global','URL IConstruye','http://10.249.87.202:8090/wcfDTE/Iconstruye.DTE.LocalApp.wcfDTE.DTE.svc',1,1,'*',NULL),(13,'*','*','Global','User IConstruye','CBB-DTE',1,1,'*',NULL),(14,'*','*','Global','Pass IConstruye','Password',1,1,'*',NULL),(15,'*','*','Global','Ruta DTE','//DTE/compartido/Generados',1,1,'*',NULL),(16,'*','*','Global','Ruta escaneados','http://10.249.85.87:8090/wcfDTE/Iconstruye.DTE.LocalApp.wcfDTE.DTE.svc',1,1,'*',NULL),(17,'*','*','Global','Confirmar antes de solicitar','false',1,1,'*',NULL),(18,'*','*','Global','Ruta Autenticacion','http://10.249.88.3:8182/cxf/apa',1,1,'*',NULL),(19,'*','*','System','Ruta WebService','http://172.31.7.3:8082',1,1,'*',NULL),(20,'*','*','System','Ruta Cliente','http://localhost:4200',1,1,'*',NULL),(21,'*','*','Filtro','Tiempo Ingreso Guia','12',1,0,'*',NULL),(22,'*','*','Global','Sello Requerido','false',1,1,'*',NULL),(23,'*','*','Global','Ruta Guia Electronica','http://10.249.85.101:8091/pdfs/91755000/GuiaDespachoElectronica/',1,1,'*',NULL),(24,'*','*','System','Ruta Guia Escaneada','/static',1,1,'*',NULL),(50,'01AH','0','Excepción','Minutos de espera','1',1,1,'10',NULL),(51,'01AR','1','Excepción','Minutos de espera','1',1,1,'10',NULL),(53,'02AN','2','Excepción','Minutos de espera','1',1,1,'10',NULL),(54,'02CA','3','Excepción','Minutos de espera','1',1,1,'10',NULL),(55,'02ME','4','Excepción','Minutos de espera','1',1,1,'10',NULL),(56,'02MJ','5','Excepción','Minutos de espera','1',1,1,'10',NULL),(57,'02P2','6','Excepción','Minutos de espera','1',1,1,'10',NULL),(58,'02RR','7','Excepción','Minutos de espera','1',1,1,'10',NULL),(59,'03CP','8','Excepción','Minutos de espera','1',1,1,'10',NULL),(60,'03VA','9','Excepción','Minutos de espera','1',1,1,'10',NULL),(61,'04LS','10','Excepción','Minutos de espera','1',1,1,'10',NULL),(62,'05CC','11','Excepción','Minutos de espera','1',1,1,'10',NULL),(63,'05SA','12','Excepción','Minutos de espera','1',1,1,'10',NULL),(64,'06RA','13','Excepción','Minutos de espera','1',1,1,'10',NULL),(65,'06SC','14','Excepción','Minutos de espera','1',1,1,'10',NULL),(66,'07CU','15','Excepción','Minutos de espera','1',1,1,'10',NULL),(67,'07LI','16','Excepción','Minutos de espera','1',1,1,'10',NULL),(68,'07TA','17','Excepción','Minutos de espera','1',1,1,'10',NULL),(69,'08AL','18','Excepción','Minutos de espera','1',1,1,'10',NULL),(70,'08CB','19','Excepción','Minutos de espera','1',1,1,'10',NULL),(71,'08CG','20','Excepción','Minutos de espera','1',1,1,'10',NULL),(72,'08CH','21','Excepción','Minutos de espera','1',1,1,'10',NULL),(73,'08CN','22','Excepción','Minutos de espera','1',1,1,'10',NULL),(74,'08CR','23','Excepción','Minutos de espera','1',1,1,'10',NULL),(75,'08HN','24','Excepción','Minutos de espera','1',1,1,'10',NULL),(76,'08LA','25','Excepción','Minutos de espera','1',1,1,'10',NULL),(77,'08LQ','26','Excepción','Minutos de espera','1',1,1,'10',NULL),(78,'08TH','27','Excepción','Minutos de espera','1',1,1,'10',NULL),(79,'09AG','28','Excepción','Minutos de espera','1',1,1,'10',NULL),(80,'09TE','29','Excepción','Minutos de espera','1',1,1,'10',NULL),(81,'09VI','30','Excepción','Minutos de espera','1',1,1,'10',NULL),(82,'10OS','31','Excepción','Minutos de espera','1',1,1,'10',NULL),(83,'10P1','32','Excepción','Minutos de espera','1',1,1,'10',NULL),(84,'10PM','33','Excepción','Minutos de espera','1',1,1,'10',NULL),(85,'10VD','34','Excepción','Minutos de espera','1',1,1,'10',NULL),(86,'13AS','35','Excepción','Minutos de espera','1',1,1,'10',NULL),(87,'13GV','36','Excepción','Minutos de espera','1',1,1,'10',NULL),(88,'13LO','37','Excepción','Minutos de espera','1',1,1,'10',NULL),(89,'13LR','601','Excepción','Minutos de espera','0',1,1,'10',NULL),(90,'13ML','39','Excepción','Minutos de espera','1',1,1,'10',NULL),(91,'13PE','40','Excepción','Minutos de espera','1',1,1,'10',NULL),(92,'13QU','41','Excepción','Minutos de espera','1',1,1,'10',NULL),(93,'13SB','42','Excepción','Minutos de espera','1',1,1,'10',NULL),(242,'01AH','0','Excepción','Impresora predeterminada','//LaserJet 4MI14',1,1,'11',NULL),(243,'01AR','1','Excepción','Impresora predeterminada','Lexmark MS610 Series XL',1,1,'11',NULL),(244,'02AN','2','Excepción','Impresora predeterminada','//LaserJet 4MI9',1,1,'11',NULL),(245,'02CA','3','Excepción','Impresora predeterminada','//LaserJet 4MI7',1,1,'11',NULL),(246,'02ME','4','Excepción','Impresora predeterminada','//LaserJet 4MI6',1,1,'11',NULL),(247,'02MJ','5','Excepción','Impresora predeterminada','//LaserJet 4MI7',1,1,'11',NULL),(248,'02P2','6','Excepción','Impresora predeterminada','//LaserJet 4MI6',1,1,'11',NULL),(249,'02RR','7','Excepción','Impresora predeterminada','//LaserJet 4MI21',1,1,'11',NULL),(250,'03CP','8','Excepción','Impresora predeterminada','//LaserJet 4MI23',1,1,'11',NULL),(251,'03VA','9','Excepción','Impresora predeterminada','//LaserJet 4MI10',1,1,'11',NULL),(252,'04LS','10','Excepción','Impresora predeterminada','//LaserJet 4MI17',1,1,'11',NULL),(253,'05CC','11','Excepción','Impresora predeterminada','//LaserJet 4MI19',1,1,'11',NULL),(254,'05SA','12','Excepción','Impresora predeterminada','//LaserJet 4MI13',1,1,'11',NULL),(255,'06RA','13','Excepción','Impresora predeterminada','//LaserJet 4MI22',1,1,'11',NULL),(256,'06SC','14','Excepción','Impresora predeterminada','//LaserJet 4MI7',1,1,'11',NULL),(257,'07CU','15','Excepción','Impresora predeterminada','//LaserJet 4MI12',1,1,'11',NULL),(258,'07LI','16','Excepción','Impresora predeterminada','//LaserJet 4MI20',1,1,'11',NULL),(259,'07TA','17','Excepción','Impresora predeterminada','//LaserJet 4MI19',1,1,'11',NULL),(260,'08AL','18','Excepción','Impresora predeterminada','//LaserJet 4MI11',1,1,'11',NULL),(261,'08CB','19','Excepción','Impresora predeterminada','//LaserJet 4MI18',1,1,'11',NULL),(262,'08CG','20','Excepción','Impresora predeterminada','//LaserJet 4MI19',1,1,'11',NULL),(263,'08CH','21','Excepción','Impresora predeterminada','//LaserJet 4MI14',1,1,'11',NULL),(264,'08CN','22','Excepción','Impresora predeterminada','//LaserJet 4MI6',1,1,'11',NULL),(265,'08CR','23','Excepción','Impresora predeterminada','//LaserJet 4MI22',1,1,'11',NULL),(266,'08HN','24','Excepción','Impresora predeterminada','//LaserJet 4MI24',1,1,'11',NULL),(267,'08LA','25','Excepción','Impresora predeterminada','//LaserJet 4MI23',1,1,'11',NULL),(268,'08LQ','26','Excepción','Impresora predeterminada','//LaserJet 4MI16',1,1,'11',NULL),(269,'08TH','27','Excepción','Impresora predeterminada','//LaserJet 4MI7',1,1,'11',NULL),(270,'09AG','28','Excepción','Impresora predeterminada','//LaserJet 4MI17',1,1,'11',NULL),(271,'09TE','29','Excepción','Impresora predeterminada','//LaserJet 4MI24',1,1,'11',NULL),(272,'09VI','30','Excepción','Impresora predeterminada','//LaserJet 4MI17',1,1,'11',NULL),(273,'10OS','31','Excepción','Impresora predeterminada','//LaserJet 4MI21',1,1,'11',NULL),(274,'10P1','32','Excepción','Impresora predeterminada','//LaserJet 4MI12',1,1,'11',NULL),(275,'10PM','33','Excepción','Impresora predeterminada','//LaserJet 4MI11',1,1,'11',NULL),(276,'10VD','34','Excepción','Impresora predeterminada','//LaserJet 4MI18',1,1,'11',NULL),(277,'13AS','35','Excepción','Impresora predeterminada','//LaserJet 4MI16',1,1,'11',NULL),(278,'13GV','36','Excepción','Impresora predeterminada','//LaserJet 4MI19',1,1,'11',NULL),(279,'13LO','37','Excepción','Impresora predeterminada','//LaserJet 4MI18',1,1,'11',NULL),(280,'13LR','38','Excepción','Impresora predeterminada','//LaserJet 4MI17',1,1,'11',NULL),(281,'13ML','39','Excepción','Impresora predeterminada','//LaserJet 4MI10',1,1,'11',NULL),(282,'13PE','40','Excepción','Impresora predeterminada','//LaserJet 4MI10',1,1,'11',NULL),(283,'13QU','41','Excepción','Impresora predeterminada','//LaserJet 4MI12',1,1,'11',NULL),(284,'13SB','42','Excepción','Impresora predeterminada','//LaserJet 4MI18',1,1,'11',NULL),(338,'01AH','0','Excepción','Confirmar antes de solicitar','false',1,1,'17',NULL),(339,'01AR','1','Excepción','Confirmar antes de solicitar','false',1,1,'17',NULL),(340,'02AN','2','Excepción','Confirmar antes de solicitar','false',1,1,'17',NULL),(341,'02CA','3','Excepción','Confirmar antes de solicitar','false',1,1,'17',NULL),(342,'02ME','4','Excepción','Confirmar antes de solicitar','false',1,1,'17',NULL),(343,'02MJ','5','Excepción','Confirmar antes de solicitar','false',1,1,'17',NULL),(344,'02P2','6','Excepción','Confirmar antes de solicitar','false',1,1,'17',NULL),(345,'02RR','7','Excepción','Confirmar antes de solicitar','false',1,1,'17',NULL),(346,'03CP','8','Excepción','Confirmar antes de solicitar','false',1,1,'17',NULL),(347,'03VA','9','Excepción','Confirmar antes de solicitar','false',1,1,'17',NULL),(348,'04LS','10','Excepción','Confirmar antes de solicitar','false',1,1,'17',NULL),(349,'05CC','11','Excepción','Confirmar antes de solicitar','false',1,1,'17',NULL),(350,'05SA','12','Excepción','Confirmar antes de solicitar','false',1,1,'17',NULL),(351,'06RA','13','Excepción','Confirmar antes de solicitar','false',1,1,'17',NULL),(352,'06SC','14','Excepción','Confirmar antes de solicitar','false',1,1,'17',NULL),(353,'07CU','15','Excepción','Confirmar antes de solicitar','false',1,1,'17',NULL),(354,'07LI','16','Excepción','Confirmar antes de solicitar','false',1,1,'17',NULL),(355,'07TA','17','Excepción','Confirmar antes de solicitar','false',1,1,'17',NULL),(356,'08AL','18','Excepción','Confirmar antes de solicitar','false',1,1,'17',NULL),(357,'08CB','19','Excepción','Confirmar antes de solicitar','false',1,1,'17',NULL),(358,'08CG','20','Excepción','Confirmar antes de solicitar','false',1,1,'17',NULL),(359,'08CH','21','Excepción','Confirmar antes de solicitar','false',1,1,'17',NULL),(360,'08CN','22','Excepción','Confirmar antes de solicitar','false',1,1,'17',NULL),(361,'08CR','23','Excepción','Confirmar antes de solicitar','false',1,1,'17',NULL),(362,'08HN','24','Excepción','Confirmar antes de solicitar','false',1,1,'17',NULL),(363,'08LA','25','Excepción','Confirmar antes de solicitar','false',1,1,'17',NULL),(364,'08LQ','26','Excepción','Confirmar antes de solicitar','false',1,1,'17',NULL),(365,'08TH','27','Excepción','Confirmar antes de solicitar','false',1,1,'17',NULL),(366,'09AG','28','Excepción','Confirmar antes de solicitar','false',1,1,'17',NULL),(367,'09TE','29','Excepción','Confirmar antes de solicitar','false',1,1,'17',NULL),(368,'09VI','30','Excepción','Confirmar antes de solicitar','false',1,1,'17',NULL),(369,'10OS','31','Excepción','Confirmar antes de solicitar','false',1,1,'17',NULL),(370,'10P1','32','Excepción','Confirmar antes de solicitar','false',1,1,'17',NULL),(371,'10PM','33','Excepción','Confirmar antes de solicitar','false',1,1,'17',NULL),(372,'10VD','34','Excepción','Confirmar antes de solicitar','false',1,1,'17',NULL),(373,'13AS','35','Excepción','Confirmar antes de solicitar','false',1,1,'17',NULL),(374,'13GV','36','Excepción','Confirmar antes de solicitar','false',1,1,'17',NULL),(375,'13LO','37','Excepción','Confirmar antes de solicitar','false',1,1,'17',NULL),(376,'13LR','38','Excepción','Confirmar antes de solicitar','false',1,1,'17',NULL),(377,'13ML','39','Excepción','Confirmar antes de solicitar','false',1,1,'17',NULL),(378,'13PE','40','Excepción','Confirmar antes de solicitar','false',1,1,'17',NULL),(379,'13QU','41','Excepción','Confirmar antes de solicitar','false',1,1,'17',NULL),(380,'13SB','42','Excepción','Confirmar antes de solicitar','false',1,1,'17',NULL),(436,'13LR','*','Excepción','Sello Requerido','true',1,1,'22',NULL),(437,'*','*','System','cmdSqlServer','172.31.8.37',1,1,'*',NULL),(438,'*','*','System','cmdSqlDb','cmdseries_local',1,1,'*',NULL),(439,'*','*','System','cmdSqlUser','sa',1,1,'*',NULL),(440,'*','*','System','cmdSqlPass','ce4chv.,',1,1,'*',NULL),(443,'*','*','Datos Emisor','giroemis','Comercialización de Cemento, Hormigon y Otros Productos para la construcción',1,1,'*',NULL),(444,'*','*','Datos Emisor','acteco','036921',1,1,'*',NULL),(445,'*','*','Datos Emisor','sucursal','Cementos Bio Bio Santiago',1,1,'*',NULL),(446,'*','*','Datos Emisor','cdgsiisucursal','00000000',1,1,'*',NULL),(447,'*','*','Datos Emisor','cdgvendedor','10558267',1,1,'*',NULL),(448,'*','*','Datos Emisor','ciudadorigen','Santiago',1,1,'*',NULL),(449,'*','*','IDDOC','tipodte','52',1,1,'*',NULL),(450,'*','*','IDDOC','folio','0000000',0,1,'*',NULL),(451,'*','*','IDDOC','fmapago','0',0,1,'*',NULL),(452,'*','*','IDDOC','termpagocdg','0208',0,1,'*',NULL),(453,'*','*','IDDOC','termpagodias','000',0,1,'*',NULL),(454,'*','*','IDDOC','fchvenc','00000000',0,1,'*',NULL),(455,'*','*','IDDOC','traslado_bienes','1',0,1,'*',NULL),(456,'*','*','Global','ValorUF','28.065,35-2019-10-22',1,0,'*',NULL),(457,'*','*','System','URL Listen','http://172.16.1.2:8080/api',1,1,'*',NULL),(458,'*','*','System','proWebSqlServer','10.249.41.6',1,1,'*',NULL),(459,'*','*','System','proWebSqlDb','SolicitudesHormigonQA',1,1,'*',NULL),(460,'*','*','System','proWebSqlUser','e-cotizacionesope',1,1,'*',NULL),(461,'*','*','System','proWebSqlPass','cotizacionesope',1,1,'*',NULL),(462,'*','*','System','URL Correos','http://10.249.88.3:8182/cxf/ZESALES_DELIVERY_OBRA_V3?wsdl',1,1,'*',NULL),(463,'*','*','PDTE','Timeout','5',1,1,'*',NULL),(464,'*','*','Global','FirmarJson Action','http://Iconstruye.DTE.Local.App/IDTE/FirmarJson',1,0,'*',NULL),(465,'*','*','JsonIcon','Codigo SAP','192837465',1,1,'',NULL),(466,'*','*','System','API KEY SBIF','879885e7d21da012fce0b7d03847d6cba3f681e6',1,1,'*',NULL);
/*!40000 ALTER TABLE `parametro` ENABLE KEYS */;
UNLOCK TABLES;

--
-- Table structure for table `plantas`
--

DROP TABLE IF EXISTS `plantas`;
/*!40101 SET @saved_cs_client     = @@character_set_client */;
/*!40101 SET character_set_client = utf8 */;
CREATE TABLE `plantas` (
  `cod_planta` int(11) NOT NULL,
  `cod_centro` text DEFAULT NULL,
  `nom_planta` text DEFAULT NULL,
  `vigencia` int(11) DEFAULT NULL,
  `lock_flag` int(11) DEFAULT NULL,
  PRIMARY KEY (`cod_planta`)
) ENGINE=InnoDB DEFAULT CHARSET=latin1;
/*!40101 SET character_set_client = @saved_cs_client */;

--
-- Dumping data for table `plantas`
--

LOCK TABLES `plantas` WRITE;
/*!40000 ALTER TABLE `plantas` DISABLE KEYS */;
INSERT INTO `plantas` VALUES (0,'01AH','ALTO HOSPICIO',1,NULL),(1,'01AR','ARICA',1,NULL),(2,'02AN','ANTOFAGASTA',1,NULL),(3,'02CA','CALAMA',1,NULL),(4,'02ME','LA ESCONDIDA',1,NULL),(5,'02MJ','MEJILLONES',1,NULL),(6,'02P2','PROYECTO SPENCE',1,NULL),(7,'02RR','PROY. ROCA ROJA',1,NULL),(8,'03CP','Copiapo',1,NULL),(9,'03VA','VALLENAR',1,NULL),(10,'04LS','SERENA',1,NULL),(11,'05CC','CONCON RX',1,NULL),(12,'05SA','SAN ANTONIO',1,NULL),(13,'06RA','RANCAGUA',1,NULL),(14,'06SC','SANTA CRUZ',1,NULL),(15,'07CU','CURICO',1,NULL),(16,'07LI','LINARES',1,NULL),(17,'07TA','TALCA',1,NULL),(18,'08AL','Pta. Proy. Los Alamos',1,NULL),(19,'08CB','CABRERO',1,NULL),(20,'08CG','PROYECTO CARANPANGUE',1,NULL),(21,'08CH','CHILLAN',1,NULL),(22,'08CN','CORONEL',1,NULL),(23,'08CR','CARRIEL',1,NULL),(24,'08HN','Proyecto Ñuble',1,NULL),(25,'08LA','LOS ANGELES',1,NULL),(26,'08LQ','LARRAQUETE',1,NULL),(27,'08TH','TALCAHUANO',1,NULL),(28,'09AG','ANGOL',1,NULL),(29,'09TE','TEMUCO',1,NULL),(30,'09VI','VILLARRICA',1,NULL),(31,'10OS','OSORNO',1,NULL),(32,'10P1','PARGUA',1,NULL),(33,'10PM','PTO. MONTT',1,NULL),(34,'10VD','VALDIVIA',1,NULL),(35,'13AS','ASUR',1,NULL),(36,'13GV','GENERAL VELASQUEZ',1,NULL),(37,'13LO','LONQUEN',1,NULL),(38,'13LR','LIRA',1,NULL),(39,'13ML','MELIPILLA',1,NULL),(40,'13PE','PENALOLEN',1,NULL),(41,'13QU','QUILICURA',1,NULL),(42,'13SB','SAN BERNARDO RMC',1,NULL);
/*!40000 ALTER TABLE `plantas` ENABLE KEYS */;
UNLOCK TABLES;

--
-- Table structure for table `rol`
--

DROP TABLE IF EXISTS `rol`;
/*!40101 SET @saved_cs_client     = @@character_set_client */;
/*!40101 SET character_set_client = utf8 */;
CREATE TABLE `rol` (
  `id` bigint(20) NOT NULL AUTO_INCREMENT,
  `mod_codigo` varchar(255) DEFAULT NULL,
  `mod_nombre` varchar(255) DEFAULT NULL,
  `opc_codigo` varchar(255) DEFAULT NULL,
  `opc_nombre` varchar(255) DEFAULT NULL,
  `rol_codigo` varchar(255) DEFAULT NULL,
  `rol_name` varchar(255) DEFAULT NULL,
  `valor_dom` varchar(255) DEFAULT NULL,
  `usuario_id` bigint(20) DEFAULT NULL,
  `lock_flag` int(11) DEFAULT NULL,
  PRIMARY KEY (`id`),
  KEY `FKd2sr59c3mhscbo3xnhx6qfmha` (`usuario_id`),
  CONSTRAINT `FKd2sr59c3mhscbo3xnhx6qfmha` FOREIGN KEY (`usuario_id`) REFERENCES `usuario` (`id`)
) ENGINE=InnoDB AUTO_INCREMENT=36 DEFAULT CHARSET=latin1;
/*!40101 SET character_set_client = @saved_cs_client */;

--
-- Dumping data for table `rol`
--

LOCK TABLES `rol` WRITE;
/*!40000 ALTER TABLE `rol` DISABLE KEYS */;
INSERT INTO `rol` VALUES (1,'164','Formulario de Ingreso de Muestras','561','Visualizar','118','Usuario','08CG',1,NULL),(2,'164','Formulario de Ingreso de Muestras','561','Visualizar','118','Usuario','08CH',1,NULL),(3,'164','Formulario de Ingreso de Muestras','561','Visualizar','118','Usuario','13LR',1,NULL),(4,'164','Formulario de Ingreso de Muestras','561','Visualizar','118','Usuario','13LO',1,NULL),(5,'164','Formulario de Ingreso de Muestras','561','Visualizar','118','Usuario','02RR',1,NULL),(6,'164','Formulario de Ingreso de Muestras','562','Insertar','118','Usuario','08CG',1,NULL),(7,'164','Formulario de Ingreso de Muestras','562','Insertar','118','Usuario','08CH',1,NULL),(8,'164','Formulario de Ingreso de Muestras','562','Insertar','118','Usuario','13LR',1,NULL),(9,'164','Formulario de Ingreso de Muestras','562','Insertar','118','Usuario','13LO',1,NULL),(10,'164','Formulario de Ingreso de Muestras','562','Insertar','118','Usuario','02RR',1,NULL),(11,'164','Formulario de Ingreso de Muestras','563','Modificar','118','Usuario','08CG',1,NULL),(12,'164','Formulario de Ingreso de Muestras','563','Modificar','118','Usuario','08CH',1,NULL),(13,'164','Formulario de Ingreso de Muestras','563','Modificar','118','Usuario','13LR',1,NULL),(14,'164','Formulario de Ingreso de Muestras','563','Modificar','118','Usuario','13LO',1,NULL),(15,'164','Formulario de Ingreso de Muestras','563','Modificar','118','Usuario','02RR',1,NULL),(16,'165','Alertas','565','Visualizar','118','Usuario','08CG',1,NULL),(17,'165','Alertas','565','Visualizar','118','Usuario','08CH',1,NULL),(18,'165','Alertas','565','Visualizar','118','Usuario','13LR',1,NULL),(19,'165','Alertas','565','Visualizar','118','Usuario','13LO',1,NULL),(20,'165','Alertas','565','Visualizar','118','Usuario','02RR',1,NULL),(21,'162','Acceso a Mantenedores','559','Visualizar','119','Consulta','08CG',1,NULL),(22,'162','Acceso a Mantenedores','559','Visualizar','119','Consulta','08CH',1,NULL),(23,'162','Acceso a Mantenedores','559','Visualizar','119','Consulta','13LR',1,NULL),(24,'162','Acceso a Mantenedores','559','Visualizar','119','Consulta','13LO',1,NULL),(25,'162','Acceso a Mantenedores','559','Visualizar','119','Consulta','02RR',1,NULL),(26,'163','Visualización de Reportes','560','Visualizar','119','Consulta','08CG',1,NULL),(27,'163','Visualización de Reportes','560','Visualizar','119','Consulta','08CH',1,NULL),(28,'163','Visualización de Reportes','560','Visualizar','119','Consulta','13LR',1,NULL),(29,'163','Visualización de Reportes','560','Visualizar','119','Consulta','13LO',1,NULL),(30,'163','Visualización de Reportes','560','Visualizar','119','Consulta','02RR',1,NULL),(31,'165','Alertas','565','Visualizar','119','Consulta','08CG',1,NULL),(32,'165','Alertas','565','Visualizar','119','Consulta','08CH',1,NULL),(33,'165','Alertas','565','Visualizar','119','Consulta','13LR',1,NULL),(34,'165','Alertas','565','Visualizar','119','Consulta','13LO',1,NULL),(35,'165','Alertas','565','Visualizar','119','Consulta','02RR',1,NULL);
/*!40000 ALTER TABLE `rol` ENABLE KEYS */;
UNLOCK TABLES;

--
-- Table structure for table `tick_estado`
--

DROP TABLE IF EXISTS `tick_estado`;
/*!40101 SET @saved_cs_client     = @@character_set_client */;
/*!40101 SET character_set_client = utf8 */;
CREATE TABLE `tick_estado` (
  `id` int(11) NOT NULL AUTO_INCREMENT,
  `estado` varchar(45) DEFAULT NULL,
  `descripcion` varchar(255) DEFAULT NULL,
  `lock_flag` int(11) DEFAULT NULL,
  PRIMARY KEY (`id`)
) ENGINE=InnoDB AUTO_INCREMENT=15 DEFAULT CHARSET=latin1;
/*!40101 SET character_set_client = @saved_cs_client */;

--
-- Dumping data for table `tick_estado`
--

LOCK TABLES `tick_estado` WRITE;
/*!40000 ALTER TABLE `tick_estado` DISABLE KEYS */;
INSERT INTO `tick_estado` VALUES (1,'activo','Prueba de Ticket en linea.',NULL),(2,'cancelado ','Prueba de Ticket en linea.',0),(11,'activo','Prueba de Ticket en linea.',0),(12,'activo','Prueba de Ticket en linea.',0),(13,'activo','Prueba de Ticket en linea.',0),(14,'activo','Prueba de Ticket en linea.',0);
/*!40000 ALTER TABLE `tick_estado` ENABLE KEYS */;
UNLOCK TABLES;

--
-- Table structure for table `usuario`
--

DROP TABLE IF EXISTS `usuario`;
/*!40101 SET @saved_cs_client     = @@character_set_client */;
/*!40101 SET character_set_client = utf8 */;
CREATE TABLE `usuario` (
  `id` bigint(20) NOT NULL AUTO_INCREMENT,
  `name` varchar(255) DEFAULT NULL,
  `key_id` varchar(255) DEFAULT NULL,
  `username` varchar(255) DEFAULT NULL,
  `email` varchar(255) DEFAULT NULL,
  `lock_flag` int(11) DEFAULT NULL,
  PRIMARY KEY (`id`)
) ENGINE=InnoDB AUTO_INCREMENT=2 DEFAULT CHARSET=latin1;
/*!40101 SET character_set_client = @saved_cs_client */;

--
-- Dumping data for table `usuario`
--

LOCK TABLES `usuario` WRITE;
/*!40000 ALTER TABLE `usuario` DISABLE KEYS */;
INSERT INTO `usuario` VALUES (1,'Maximiliano Rojas(Estrategia TI)',NULL,NULL,'maximiliano.rojas@grupocbb.cl',NULL);
/*!40000 ALTER TABLE `usuario` ENABLE KEYS */;
UNLOCK TABLES;

--
-- Table structure for table `usuario_centro`
--

DROP TABLE IF EXISTS `usuario_centro`;
/*!40101 SET @saved_cs_client     = @@character_set_client */;
/*!40101 SET character_set_client = utf8 */;
CREATE TABLE `usuario_centro` (
  `id` bigint(20) NOT NULL AUTO_INCREMENT,
  `cod_centro` varchar(255) DEFAULT NULL,
  `usuario_id` bigint(20) DEFAULT NULL,
  `lock_flag` int(11) DEFAULT NULL,
  PRIMARY KEY (`id`),
  KEY `FKesmk4uo5rb8f3kv3401fx7yqv` (`usuario_id`)
) ENGINE=MyISAM DEFAULT CHARSET=latin1;
/*!40101 SET character_set_client = @saved_cs_client */;

--
-- Dumping data for table `usuario_centro`
--

LOCK TABLES `usuario_centro` WRITE;
/*!40000 ALTER TABLE `usuario_centro` DISABLE KEYS */;
/*!40000 ALTER TABLE `usuario_centro` ENABLE KEYS */;
UNLOCK TABLES;

--
-- Dumping events for database 'gdeh'
--

--
-- Dumping routines for database 'gdeh'
--
/*!40103 SET TIME_ZONE=@OLD_TIME_ZONE */;

/*!40101 SET SQL_MODE=@OLD_SQL_MODE */;
/*!40014 SET FOREIGN_KEY_CHECKS=@OLD_FOREIGN_KEY_CHECKS */;
/*!40014 SET UNIQUE_CHECKS=@OLD_UNIQUE_CHECKS */;
/*!40101 SET CHARACTER_SET_CLIENT=@OLD_CHARACTER_SET_CLIENT */;
/*!40101 SET CHARACTER_SET_RESULTS=@OLD_CHARACTER_SET_RESULTS */;
/*!40101 SET COLLATION_CONNECTION=@OLD_COLLATION_CONNECTION */;
/*!40111 SET SQL_NOTES=@OLD_SQL_NOTES */;

-- Dump completed on 2019-10-23  1:37:22
